{"type":"FeatureCollection","features":[{"type":"Feature","geometry":{"type":"Point","coordinates":[-2.160344,57.152478]},"properties":{"site_id":"Aberdeen/141678","area":"Aberdeen","state":"Permitted","type":"Full","n_apps":2,"year":2014,"agent":null,"description":"Change of use from office to data centre, external alterations andprovision of plant(amendment to P141678).","link":"https://www.planit.org.uk/planapplic/Aberdeen/151217/","backup":true,"prime":false,"bess":false,"solar":false,"wind":false}},{"type":"Feature","geometry":{"type":"Point","coordinates":[-4.340063,53.415335]},"properties":{"site_id":"Anglesey/FPL/2026/44","area":"Anglesey","state":"Undecided","type":"Full","n_apps":2,"year":2025,"agent":null,"description":"Cais llawn ar gyfer creu compound a gosod peiriannau ac offer allanol i hwyluso datblygiad canolfan ddata fodiwlar, ynghyd â gweithrediadau peirianyddol cysylltiedig, llety i staff, strwythurau atodol a’r holl weithiau cysylltiedig yn / Full application for th","link":"https://www.planit.org.uk/planapplic/Anglesey/FPL/2026/44/","backup":false,"prime":false,"bess":false,"solar":false,"wind":false}},{"type":"Feature","geometry":{"type":"Point","coordinates":[-4.252897,53.158024]},"properties":{"site_id":"Anglesey/GWY/2025/2","area":"Anglesey","state":"Permitted","type":"Outline","n_apps":5,"year":2025,"agent":null,"description":"Cais am farn gwmpasu o dan Reol 14, Rhan 4 o Reoliadau Cynllunio Gwlad a Thref [Asesiad Effaith Amgylcheddol] [Cymru] 2017 – dymchwel adeiladau a strwythurau presennol, ailraddio'r tir a codi adeilad canolfan data (B8) ynghyd a chyfarpar cysylltiol i gynnwys g","link":"https://www.planit.org.uk/planapplic/Anglesey/GWY/2025/2/","backup":false,"prime":false,"bess":false,"solar":false,"wind":false}},{"type":"Feature","geometry":{"type":"Point","coordinates":[-4.604722,53.29725]},"properties":{"site_id":"Anglesey/OP/2025/2","area":"Anglesey","state":"Permitted","type":"Outline","n_apps":1,"year":2025,"agent":null,"description":"Cais amlinellol gyda’r holl faterion wedi eu cadw’n ôl (ac eithrio mynediad) ar gyfer yr ailddatblygu’r tir i gynnwys dymchwel strwythurau ac adeiladau er mwyn galluogi gwaith o adeiladu lleoliadau cyflogaeth newydd yn cynnwys canolfannau data (defnydd dosbart","link":"https://www.planit.org.uk/planapplic/Anglesey/OP/2025/2/","backup":false,"prime":false,"bess":false,"solar":false,"wind":false}},{"type":"Feature","geometry":{"type":"Point","coordinates":[-1.251299,53.072193]},"properties":{"site_id":"Ashfield/V/2026/0033","area":"Ashfield","state":"Undecided","type":"Outline","n_apps":1,"year":2026,"agent":null,"description":"Outline application with all matters reserved except means of access for the construction of a data centre and associated infrastructure","link":"https://www.planit.org.uk/planapplic/Ashfield/V/2026/0033/","backup":false,"prime":false,"bess":false,"solar":false,"wind":false}},{"type":"Feature","geometry":{"type":"Point","coordinates":[-0.804117,51.796261]},"properties":{"site_id":"AylesburyVale/07/01131/APP","area":"Aylesbury Vale","state":"Permitted","type":"Full","n_apps":1,"year":2007,"agent":null,"description":"Conversion of vacant 4 bay ambulance garage into data centre including external alterations and erection of 2.4m high security fencing","link":"https://www.planit.org.uk/planapplic/AylesburyVale/07/01131/APP/","backup":false,"prime":false,"bess":false,"solar":false,"wind":false}},{"type":"Feature","geometry":{"type":"Point","coordinates":[-0.842598,51.820807]},"properties":{"site_id":"AylesburyVale/24/02907/APP","area":"Aylesbury Vale","state":"Permitted","type":"Full","n_apps":1,"year":2024,"agent":"Murray Planning","description":"Alterations to existing building to facilitate use as a B8 data centre and fenestration changes","link":"https://www.planit.org.uk/planapplic/AylesburyVale/24/02907/APP/","backup":false,"prime":false,"bess":false,"solar":false,"wind":false}},{"type":"Feature","geometry":{"type":"Point","coordinates":[1.093085,52.103251]},"properties":{"site_id":"BaberghMidSuffolk/3191/13","area":"Babergh Mid Suffolk","state":"Permitted","type":"Outline","n_apps":1,"year":2013,"agent":null,"description":"Screening Opinion request for the development of proposal comprising a health centre, two data centres, frozen/chilled food distribution and production units, HQ office and HQ depot powered by the nearby energy from waste facility at Great Blakenham","link":"https://www.planit.org.uk/planapplic/BaberghMidSuffolk/3191/13/","backup":false,"prime":false,"bess":false,"solar":false,"wind":false}},{"type":"Feature","geometry":{"type":"Point","coordinates":[0.172941,51.546844]},"properties":{"site_id":"Barking/18/00161/FUL","area":"Barking and Dagenham","state":"Permitted","type":"Full","n_apps":1,"year":2018,"agent":null,"description":"Erection of two data centre buildings (Use Class B8), with ancillary plant, offices, gatehouse, electrical sub-stations, fuel storage, car parking, site fencing, landscaping and other associated works.","link":"https://www.planit.org.uk/planapplic/Barking/18/00161/FUL/","backup":false,"prime":false,"bess":false,"solar":false,"wind":false}},{"type":"Feature","geometry":{"type":"Point","coordinates":[0.507513,51.594326]},"properties":{"site_id":"Basildon/23/01552/SCREEN","area":"Basildon","state":"Undecided","type":"Outline","n_apps":3,"year":2023,"agent":"Lawson Planning Partnership Ltd","description":"Outline planning application with all matters reserved except for access, for the erection of a building to be used as a data centre (Use Class B8) (containing data halls, associated plant rooms, loading bay, office and administrative areas, maintenance and st","link":"https://www.planit.org.uk/planapplic/Basildon/25/00550/OUT/","backup":true,"prime":false,"bess":true,"solar":true,"wind":false}},{"type":"Feature","geometry":{"type":"Point","coordinates":[-1.100708,53.331485]},"properties":{"site_id":"Bassetlaw/18/01555/COND","area":"Bassetlaw","state":"Permitted","type":"Outline","n_apps":3,"year":2015,"agent":"IBA Planning Limited","description":"Outline Application With Some Matters Reserved for Mixed Use Development Comprising of up to 182 Dwellings, Clean/Green Tech Business Park, Innovative Data Centre and Ancillary Storage Use, Access and Junction Improvements, Landscaping and Sustainable Urban Dr","link":"https://www.planit.org.uk/planapplic/Bassetlaw/15/01477/OUT/","backup":false,"prime":false,"bess":false,"solar":false,"wind":true}},{"type":"Feature","geometry":{"type":"Point","coordinates":[-0.805764,53.359713]},"properties":{"site_id":"Bassetlaw/26/00034/FUL","area":"Bassetlaw","state":"Withdrawn","type":"Full","n_apps":1,"year":2026,"agent":"H B P W LLP","description":"New Modular Building for a Data Centre to Include Server Racks, Switchboards, Heat Exchangers and UPS Backup Batteries","link":"https://www.planit.org.uk/planapplic/Bassetlaw/26/00034/FUL/","backup":true,"prime":false,"bess":true,"solar":false,"wind":false}},{"type":"Feature","geometry":{"type":"Point","coordinates":[-1.745833,50.737728]},"properties":{"site_id":"BCP/8/20/0861/COU","area":"BCP","state":"Permitted","type":"Full","n_apps":1,"year":2020,"agent":null,"description":"Change of use of unit from B1, B2 and B8 to B1, B2, B8 and Sui Generis (datacentre) with external modifications to building facades including new vents; new security fire door; widened rollershutter door; and new and replacement retractable bollards.","link":"https://www.planit.org.uk/planapplic/BCP/8/20/0861/COU/","backup":false,"prime":false,"bess":false,"solar":false,"wind":false}},{"type":"Feature","geometry":{"type":"Point","coordinates":[-1.742665,50.739117]},"properties":{"site_id":"BCP/8/20/0862/COU","area":"BCP","state":"Permitted","type":"Full","n_apps":1,"year":2020,"agent":null,"description":"Change of use of unit from B1, B2 and B8 to B1, B2, B8 and Sui Generis (datacentre) with external modifications to unit including: new vents to roof; new vent to front facade; and two windows replaced with vents; widening of roller shutter door; installation o","link":"https://www.planit.org.uk/planapplic/BCP/8/20/0862/COU/","backup":false,"prime":false,"bess":false,"solar":false,"wind":false}},{"type":"Feature","geometry":{"type":"Point","coordinates":[-1.990579,50.746971]},"properties":{"site_id":"BCP/APP/19/00725/PA","area":"BCP","state":"Permitted","type":"Outline","n_apps":1,"year":2019,"agent":null,"description":"Prior Approval for Demolition of Data Centre,Sprinkler House, Pump House and Transformer Housing","link":"https://www.planit.org.uk/planapplic/BCP/APP/19/00725/PA/","backup":false,"prime":false,"bess":false,"solar":false,"wind":false}},{"type":"Feature","geometry":{"type":"Point","coordinates":[-1.973896,50.748013]},"properties":{"site_id":"BCP/APP/20/01510/F","area":"BCP","state":"Permitted","type":"Full","n_apps":3,"year":2020,"agent":null,"description":"Change of use to D2 gym, sui-generis datacentre and / or research and development B1(b), light industrial B1(c), or B8 storage and distribution, together with associated external alterations and plant","link":"https://www.planit.org.uk/planapplic/BCP/APP/21/00623/F/","backup":false,"prime":false,"bess":false,"solar":false,"wind":false}},{"type":"Feature","geometry":{"type":"Point","coordinates":[-0.477174,52.119144]},"properties":{"site_id":"Bedford/10/00518/AOC","area":"Bedford","state":"Permitted","type":"Full","n_apps":3,"year":2009,"agent":null,"description":"Change of use of factory (B2) to data centre and ancillary offices. External alterations to building. Installation of 12 no. condensers, 6 no. generators, 2 no. fuel tanks, relocation of electricity sub station and creation of additional hardstanding area.","link":"https://www.planit.org.uk/planapplic/Bedford/09/02429/FUL/","backup":false,"prime":false,"bess":false,"solar":false,"wind":false}},{"type":"Feature","geometry":{"type":"Point","coordinates":[-0.417534,52.147064]},"properties":{"site_id":"Bedford/24/02188/FUL","area":"Bedford","state":"Undecided","type":"Full","n_apps":1,"year":2024,"agent":null,"description":"Internal and external alterations to existing building to facilitate use as a B8 data centre","link":"https://www.planit.org.uk/planapplic/Bedford/24/02188/FUL/","backup":false,"prime":false,"bess":false,"solar":false,"wind":false}},{"type":"Feature","geometry":{"type":"Point","coordinates":[-0.47878,52.149021]},"properties":{"site_id":"Bedford/26/00355/MAO","area":"Bedford","state":"Undecided","type":"Outline","n_apps":1,"year":2026,"agent":null,"description":"Outline planning application with all matters reserved except Access and Scale, for the demolition of the existing data centre building and redevelopment of the site to provide a new data centre building (Use Class B8), together with associated servicing areas","link":"https://www.planit.org.uk/planapplic/Bedford/26/00355/MAO/","backup":false,"prime":false,"bess":false,"solar":false,"wind":false}},{"type":"Feature","geometry":{"type":"Point","coordinates":[-5.952427,54.593767]},"properties":{"site_id":"Belfast/Z/2011/0090/F","area":"Belfast","state":"Permitted","type":"Full","n_apps":1,"year":2011,"agent":null,"description":"Single storey building to provide an energy efficient data centre.","link":"https://www.planit.org.uk/planapplic/Belfast/Z/2011/0090/F/","backup":false,"prime":false,"bess":false,"solar":false,"wind":false}},{"type":"Feature","geometry":{"type":"Point","coordinates":[0.153547,51.502057]},"properties":{"site_id":"Bexley/15/02926/OUTM","area":"Bexley","state":"Permitted","type":"Outline","n_apps":7,"year":2015,"agent":null,"description":"Details of reserved matters being details of layout, design, scale, appearance, hard and soft landscaping including boundary fencing details and pursuant to conditions 5, 6, 7, 8, 10, 11, 14, 15 (in part - pre-construction assessment), 17, 24, 25 and 27 for th","link":"https://www.planit.org.uk/planapplic/Bexley/15/02926/OUTM02/","backup":false,"prime":false,"bess":false,"solar":true,"wind":false}},{"type":"Feature","geometry":{"type":"Point","coordinates":[0.166258,51.491769]},"properties":{"site_id":"Bexley/23/00960/FUL","area":"Bexley","state":"Conditions","type":"Full","n_apps":1,"year":2023,"agent":null,"description":"Installation of 8 new dry coolers, a generator, transformer, plant container and associated works and pond to the existing data centre.","link":"https://www.planit.org.uk/planapplic/Bexley/23/00960/FUL/","backup":false,"prime":false,"bess":false,"solar":false,"wind":false}},{"type":"Feature","geometry":{"type":"Point","coordinates":[-1.853134,52.451447]},"properties":{"site_id":"Birmingham/2009/05593/PA","area":"Birmingham","state":"Conditions","type":"Full","n_apps":2,"year":2008,"agent":null,"description":"Change of use from warehousing (B8) to data centre. Erection of associated generators, plant, sub-station, external changes to building, new gates and fencing","link":"https://www.planit.org.uk/planapplic/Birmingham/2009/05593/PA/","backup":false,"prime":false,"bess":false,"solar":false,"wind":false}},{"type":"Feature","geometry":{"type":"Point","coordinates":[-1.877826,52.477589]},"properties":{"site_id":"Birmingham/2013/09236/PA","area":"Birmingham","state":"Conditions","type":"Full","n_apps":1,"year":2013,"agent":null,"description":"Erection of single storey extension and external alterations to building and its use as a Data Centre (B8) with associated landscaping, boundary treatment and temporary surfaced parking","link":"https://www.planit.org.uk/planapplic/Birmingham/2013/09236/PA/","backup":false,"prime":false,"bess":false,"solar":false,"wind":false}},{"type":"Feature","geometry":{"type":"Point","coordinates":[-1.929327,52.487484]},"properties":{"site_id":"Birmingham/2015/05724/PA","area":"Birmingham","state":"Conditions","type":"Outline","n_apps":1,"year":2015,"agent":null,"description":"Outline planning application for the demolition of existing industrial buildings and mixed use development comprising up to 504 no. residential apartments (Use Class C3), flexible retail units (Use Classes A1, A2, A3 and A4), a gym (Use Class D2), a data centr","link":"https://www.planit.org.uk/planapplic/Birmingham/2015/05724/PA/","backup":false,"prime":false,"bess":false,"solar":false,"wind":false}},{"type":"Feature","geometry":{"type":"Point","coordinates":[-1.927476,52.457745]},"properties":{"site_id":"Birmingham/2016/10021/PA","area":"Birmingham","state":"Conditions","type":"Full","n_apps":1,"year":2016,"agent":null,"description":"Erection of a Research Data Centre and associated plant, with access from Edgbaston Park Road, together with landscaping and boundary treatments and repair works to Park Grange.","link":"https://www.planit.org.uk/planapplic/Birmingham/2016/10021/PA/","backup":false,"prime":false,"bess":false,"solar":false,"wind":false}},{"type":"Feature","geometry":{"type":"Point","coordinates":[-1.88064,52.497303]},"properties":{"site_id":"Birmingham/2025/02529/PA","area":"Birmingham","state":"Conditions","type":"Full","n_apps":2,"year":2012,"agent":null,"description":"Change of use of the existing building to a data centre (Sui Generis) together with the erection and installation of associated plant and equipment which will includes solar panels; generator compound (with screening), fuel store and bund, transformer station,","link":"https://www.planit.org.uk/planapplic/Birmingham/2025/02529/PA/","backup":false,"prime":false,"bess":false,"solar":false,"wind":false}},{"type":"Feature","geometry":{"type":"Point","coordinates":[-1.211199,52.578491]},"properties":{"site_id":"Blaby/12/0497/1/PX","area":"Blaby","state":"Permitted","type":"Full","n_apps":3,"year":2011,"agent":null,"description":"Erection of two security gatehouses to serve Data Centres","link":"https://www.planit.org.uk/planapplic/Blaby/12/0497/1/PX/","backup":true,"prime":false,"bess":false,"solar":false,"wind":false}},{"type":"Feature","geometry":{"type":"Point","coordinates":[-1.187999,52.655731]},"properties":{"site_id":"Blaby/15/1304/CC","area":"Blaby","state":"Referred","type":"Other","n_apps":2,"year":2015,"agent":null,"description":"Construction of new data centre - County Council Identity Number 2015/REG3Mi/0278/LCC","link":"https://www.planit.org.uk/planapplic/Blaby/15/1304/CC/","backup":false,"prime":false,"bess":false,"solar":false,"wind":false}},{"type":"Feature","geometry":{"type":"Point","coordinates":[-1.208424,52.581799]},"properties":{"site_id":"Blaby/17/0484/FUL","area":"Blaby","state":"Permitted","type":"Full","n_apps":1,"year":2017,"agent":"Scott Brownrigg","description":"Erection of two single storey front extensions to serve existing Data Centres 1 and 2","link":"https://www.planit.org.uk/planapplic/Blaby/17/0484/FUL/","backup":false,"prime":false,"bess":false,"solar":false,"wind":false}},{"type":"Feature","geometry":{"type":"Point","coordinates":[-2.427474,53.553507]},"properties":{"site_id":"Bolton/05053/18","area":"Bolton","state":"Conditions","type":"Full","n_apps":1,"year":2018,"agent":"Ifm Bolton","description":"ERECTION OF PRE-FABRICATED DATA CENTRE","link":"https://www.planit.org.uk/planapplic/Bolton/05053/18/","backup":false,"prime":false,"bess":true,"solar":false,"wind":false}},{"type":"Feature","geometry":{"type":"Point","coordinates":[-0.769537,51.417802]},"properties":{"site_id":"Bracknell/10/00552/FUL","area":"Bracknell","state":"Permitted","type":"Full","n_apps":2,"year":2010,"agent":null,"description":"Erection of a two-storey data centre building (B8 use - total floorspace 7,690 sq m) with associated access and parking, drainage and landscaping works, following demolition of existing buildings.","link":"https://www.planit.org.uk/planapplic/Bracknell/10/00552/FUL/","backup":false,"prime":false,"bess":false,"solar":false,"wind":false}},{"type":"Feature","geometry":{"type":"Point","coordinates":[-0.783047,51.413788]},"properties":{"site_id":"Bracknell/20/00044/SCR","area":"Bracknell","state":"Permitted","type":"Full","n_apps":2,"year":2020,"agent":"RPS","description":"Planning application for the erection of a Data Centre building (containing data halls, associated electrical and AHU Plant Rooms, loading bay, maintenance and storage space, office administration areas and plant at roof level), emergency generators and emissi","link":"https://www.planit.org.uk/planapplic/Bracknell/21/00239/FUL/","backup":false,"prime":false,"bess":false,"solar":false,"wind":false}},{"type":"Feature","geometry":{"type":"Point","coordinates":[-0.773414,51.406216]},"properties":{"site_id":"Bracknell/20/00818/NMA","area":"Bracknell","state":"Permitted","type":"Outline","n_apps":2,"year":2017,"agent":null,"description":"Outline application (with all matters reserved) for the redevelopment of the site for the construction of industrial units (Class B1(c), B2/B8 uses), and/or data centres all with ancillary offices and mezzanine (total floorspace 18,580 sq m), associated infras","link":"https://www.planit.org.uk/planapplic/Bracknell/17/01227/OUT/","backup":false,"prime":false,"bess":false,"solar":false,"wind":false}},{"type":"Feature","geometry":{"type":"Point","coordinates":[-1.785443,53.756476]},"properties":{"site_id":"Bradford/11/00673/NMA01","area":"Bradford","state":"Permitted","type":"Full","n_apps":6,"year":2011,"agent":"Chetwoods Architects","description":"Addition of four condensers to rear of data centre","link":"https://www.planit.org.uk/planapplic/Bradford/12/02125/FUL/","backup":false,"prime":false,"bess":false,"solar":false,"wind":false}},{"type":"Feature","geometry":{"type":"Point","coordinates":[-1.889493,53.870063]},"properties":{"site_id":"Bradford/20/01510/MAR","area":"Bradford","state":"Permitted","type":"Outline","n_apps":2,"year":2016,"agent":"J O Steel Consulting","description":"Reserved matters application requesting consideration of appearance, landscaping and scale for construction of an off-grid data centre (pursuant to outline approval 16/06850/MAO) - AMENDED PLANS RECEIVED","link":"https://www.planit.org.uk/planapplic/Bradford/20/01510/MAR/","backup":true,"prime":true,"bess":false,"solar":false,"wind":false}},{"type":"Feature","geometry":{"type":"Point","coordinates":[-1.764967,53.794691]},"properties":{"site_id":"Bradford/25/02212/MAF","area":"Bradford","state":"Conditions","type":"Full","n_apps":1,"year":2025,"agent":"WSP","description":"Construction of data centre and associated infrastructure, access, parking and landscaping","link":"https://www.planit.org.uk/planapplic/Bradford/25/02212/MAF/","backup":true,"prime":false,"bess":false,"solar":false,"wind":false}},{"type":"Feature","geometry":{"type":"Point","coordinates":[-0.269116,51.534389]},"properties":{"site_id":"Brent/00/1892","area":"Brent","state":"Withdrawn","type":"Full","n_apps":1,"year":2000,"agent":"CB Hillier Parker","description":"Change of use from industrial warehouse to data centre use, with extension to the internal mezzanine floor and new external structures to house the ancilliary compound, plant and machinery","link":"https://www.planit.org.uk/planapplic/Brent/00/1892/","backup":false,"prime":false,"bess":false,"solar":false,"wind":false}},{"type":"Feature","geometry":{"type":"Point","coordinates":[-0.30331,51.541706]},"properties":{"site_id":"Brent/20/1151","area":"Brent","state":"Withdrawn","type":"Full","n_apps":3,"year":2019,"agent":"Stantec UK Ltd","description":"Demolition of the existing buildings and structures, the erection of a 'co-location' scheme ranging in height from 2 to 19 storeys, incorporating industrial floorspace with residential accommodation (Use Class C3), together with associated landscaping, access ","link":"https://www.planit.org.uk/planapplic/Brent/21/3941/","backup":false,"prime":false,"bess":false,"solar":true,"wind":false}},{"type":"Feature","geometry":{"type":"Point","coordinates":[-0.24027,51.569775]},"properties":{"site_id":"Brent/25/3230","area":"Brent","state":"Undecided","type":"Full","n_apps":44,"year":2020,"agent":"Maddox and Associates Ltd","description":"Access road works (temporary accessway 5 year period) for implementation of 22/4185 for the proposed development to extend the existing data centre","link":"https://www.planit.org.uk/planapplic/Brent/26/0665/","backup":true,"prime":false,"bess":false,"solar":true,"wind":false}},{"type":"Feature","geometry":{"type":"Point","coordinates":[-0.262831,51.556309]},"properties":{"site_id":"Brent/25/3290","area":"Brent","state":"Undecided","type":"Outline","n_apps":1,"year":2025,"agent":"DP9 Ltd","description":"Outline planning application (all matters reserved) for the demolition of all structures and phased redevelopment of the site to provide buildings extending up to 39m in height, comprising a mix of uses including: light industrial, general industrial, storage,","link":"https://www.planit.org.uk/planapplic/Brent/25/3290/","backup":true,"prime":false,"bess":true,"solar":true,"wind":false}},{"type":"Feature","geometry":{"type":"Point","coordinates":[-0.269272,51.538258]},"properties":{"site_id":"Brent/26/1840","area":"Old Oak Park Royal","state":"Permitted","type":"Full","n_apps":8,"year":2025,"agent":null,"description":"Demolition of existing warehouse (Class B8) and phased redevelopment of site to provide a data centre (Class B8) comprising main data centre building and attached ancillary office, modular power room gantry, containerised generator gantry with flues, entrance ","link":"https://www.planit.org.uk/planapplic/OldOakParkRoyal/25/0196/FUMOPDC/","backup":false,"prime":false,"bess":false,"solar":false,"wind":false}},{"type":"Feature","geometry":{"type":"Point","coordinates":[-0.100829,50.837984]},"properties":{"site_id":"Brighton/BH2020/01222","area":"Brighton","state":"Permitted","type":"Full","n_apps":2,"year":2020,"agent":"Mr Mark Flaherty","description":"Change of use from existing unoccupied industrial unit to data centre (B8). Installation of 8no air-conditioning units to side elevation and 3no air vents to side and rear elevations. Replacement of existing fire doors with steel security doors, installation o","link":"https://www.planit.org.uk/planapplic/Brighton/BH2020/01222/","backup":false,"prime":false,"bess":false,"solar":false,"wind":false}},{"type":"Feature","geometry":{"type":"Point","coordinates":[-0.157611,50.852789]},"properties":{"site_id":"Brighton/BH2021/02463","area":"Brighton","state":"Permitted","type":"Full","n_apps":1,"year":2021,"agent":null,"description":"Erection of single storey cabin on concrete hardstanding, installation of 5no air conditioning units with separate generator and meter cabinet used as a Data Centre (B8). Erection of 2.4 metre high mesh fence, relocation of existing lamp post, CCTV camera and ","link":"https://www.planit.org.uk/planapplic/Brighton/BH2021/02463/","backup":false,"prime":false,"bess":false,"solar":false,"wind":false}},{"type":"Feature","geometry":{"type":"Point","coordinates":[-2.591327,51.496739]},"properties":{"site_id":"Bristol/08/01465/F","area":"Bristol","state":"Conditions","type":"Full","n_apps":1,"year":2008,"agent":null,"description":"Erection of two storey building to provide new Data Centre and associated works. (Land to rear of Christopher Hancock Building).","link":"https://www.planit.org.uk/planapplic/Bristol/08/01465/F/","backup":false,"prime":false,"bess":false,"solar":false,"wind":false}},{"type":"Feature","geometry":{"type":"Point","coordinates":[-2.601823,51.452545]},"properties":{"site_id":"Bristol/08/05022/LA","area":"Bristol","state":"Conditions","type":"Heritage","n_apps":1,"year":2008,"agent":null,"description":"Internal alterations to allow for provision of a data centre for the Council's computer servers and installation of associated air conditioning plant with external cooling plant.","link":"https://www.planit.org.uk/planapplic/Bristol/08/05022/LA/","backup":false,"prime":false,"bess":false,"solar":false,"wind":false}},{"type":"Feature","geometry":{"type":"Point","coordinates":[-2.560274,51.494751]},"properties":{"site_id":"Bristol/09/04020/FB","area":"Bristol","state":"Conditions","type":"Full","n_apps":1,"year":2009,"agent":null,"description":"Provision of 14 no. Eco-cooling, evaporative cooling units on the roof of Romney House. The units will provide energy efficient evaporative cooling to the data centre and various other rooms. The existing cooling systems will be kept as back up.","link":"https://www.planit.org.uk/planapplic/Bristol/09/04020/FB/","backup":false,"prime":false,"bess":false,"solar":false,"wind":false}},{"type":"Feature","geometry":{"type":"Point","coordinates":[-2.593217,51.470303]},"properties":{"site_id":"Bristol/19/02561/F","area":"Bristol","state":"Conditions","type":"Full","n_apps":1,"year":2019,"agent":null,"description":"Subdivision of the existing ground floor retail unit (Use Class A1) into a smaller retail unit (Use Class A1) and separate office, co-location hub, meeting rooms and toilet facilities (Use Class B1a).","link":"https://www.planit.org.uk/planapplic/Bristol/19/02561/F/","backup":false,"prime":false,"bess":false,"solar":false,"wind":false}},{"type":"Feature","geometry":{"type":"Point","coordinates":[-2.575778,51.450509]},"properties":{"site_id":"Bristol/23/04472/NMA","area":"Bristol","state":"Conditions","type":"Full","n_apps":4,"year":2021,"agent":null,"description":"Change of use of car showroom and repairs workshop (Sui Generis) to flexible use as research & development, offices (Class E(g)) and educational facility (Class F1(a)), together with external alterations to building elevations and roof, installation of a data ","link":"https://www.planit.org.uk/planapplic/Bristol/21/02496/F/","backup":false,"prime":false,"bess":false,"solar":true,"wind":false}},{"type":"Feature","geometry":{"type":"Point","coordinates":[-2.668558,51.533414]},"properties":{"site_id":"Bristol/26/12083/F","area":"Bristol","state":"Undecided","type":"Full","n_apps":2,"year":2026,"agent":null,"description":"Change of use of existing polymers recycling facility for use as a data centre, installation of external plant and generating equipment, elevational alterations, creation of new site access points, landscaping and other associated ancillary works.","link":"https://www.planit.org.uk/planapplic/Bristol/26/12083/F/","backup":true,"prime":true,"bess":false,"solar":true,"wind":false}},{"type":"Feature","geometry":{"type":"Point","coordinates":[0.102664,51.343746]},"properties":{"site_id":"Bromley/26/02508/EIA","area":"Bromley","state":"Undecided","type":"Outline","n_apps":1,"year":2026,"agent":null,"description":"Screening Opinion pursuant to the Town and Country Planning (Environmental Impact Assessment) Regulations 2017 (as amended) (the 'EIA Regulations') for a Data Centre","link":"https://www.planit.org.uk/planapplic/Bromley/26/02508/EIA/","backup":false,"prime":false,"bess":false,"solar":false,"wind":false}},{"type":"Feature","geometry":{"type":"Point","coordinates":[-1.983192,52.383219]},"properties":{"site_id":"BromsgroveRedditch/13/0994","area":"Bromsgrove Redditch","state":"Undecided","type":"Amendment","n_apps":1,"year":2014,"agent":"Planning Prospects Ltd.","description":"Non-material amendment to planning approval B/2007/1115 to allow an amended building design to accommodate a new Data Centre building.","link":"https://www.planit.org.uk/planapplic/BromsgroveRedditch/13/0994/","backup":false,"prime":false,"bess":false,"solar":false,"wind":false}},{"type":"Feature","geometry":{"type":"Point","coordinates":[-1.883825,52.312438]},"properties":{"site_id":"BromsgroveRedditch/24/00782/DEM","area":"Bromsgrove Redditch","state":"Permitted","type":"Other","n_apps":1,"year":2024,"agent":"Chancerygate Limited","description":"Demolition of two units, bespoke to the previous data centre use, and all other ancillary buildings, crushing of external hardstanding and removal of telecoms mast","link":"https://www.planit.org.uk/planapplic/BromsgroveRedditch/24/00782/DEM/","backup":false,"prime":false,"bess":false,"solar":false,"wind":false}},{"type":"Feature","geometry":{"type":"Point","coordinates":[-0.045856,51.697522]},"properties":{"site_id":"Broxbourne/07/21/1453/RM","area":"Broxbourne","state":"Undecided","type":"Full","n_apps":20,"year":2018,"agent":null,"description":"Variation of condition 3 approved plans of planning permission 07/18/1181/O and 07/21/0447/F to regularise the increased height of data center and footprint of electricty substation and amend drawing label from site ground levels to existing ground levels","link":"https://www.planit.org.uk/planapplic/Broxbourne/07/23/0358/F/","backup":false,"prime":false,"bess":false,"solar":false,"wind":false}},{"type":"Feature","geometry":{"type":"Point","coordinates":[0.00031,51.759592]},"properties":{"site_id":"Broxbourne/07/25/0782/CONRV","area":"Broxbourne","state":"Conditions","type":"Full","n_apps":2,"year":2024,"agent":null,"description":"Flexible change of use to allow a Sui Generis Data Centre (to include the development of battery storage for solar PV, cooling infrastructure, vented screening, bunded fuel store, generator, site transformer and high voltage switch gear) in addition to the per","link":"https://www.planit.org.uk/planapplic/Broxbourne/07/24/0348/F/","backup":false,"prime":false,"bess":false,"solar":false,"wind":false}},{"type":"Feature","geometry":{"type":"Point","coordinates":[-0.509589,51.513933]},"properties":{"site_id":"Bucks/PL/25/4351/FA","area":"Buckinghamshire","state":"Undecided","type":"Full","n_apps":2,"year":2023,"agent":"Lichfields","description":"Demolition of all existing units and structures on site and redevelopment of site to provide data centre development comprising data centre building, MV building, 1 sprinkler water tank and pump building, security hut, substation compound including 2 switchroo","link":"https://www.planit.org.uk/planapplic/Bucks/PL/25/4351/FA/","backup":true,"prime":false,"bess":false,"solar":true,"wind":false}},{"type":"Feature","geometry":{"type":"Point","coordinates":[-0.491813,51.563873]},"properties":{"site_id":"Bucks/PL/25/6630/EIASO","area":"Buckinghamshire","state":"Undecided","type":"Outline","n_apps":2,"year":2025,"agent":"Pegasus Group","description":"Outline planning application (all matters of detail reserved) for construction of data centre, including ancillary offices, plant and cooling equipment, emergency backup generators. Other works include means of access, internal roads and footpaths, cycle and c","link":"https://www.planit.org.uk/planapplic/Bucks/PL/26/04446/OA/","backup":true,"prime":false,"bess":false,"solar":true,"wind":false}},{"type":"Feature","geometry":{"type":"Point","coordinates":[-0.519145,51.550796]},"properties":{"site_id":"Bucks/PL/25/6737/VRC","area":"Chiltern South Bucks","state":"Conditions","type":"Full","n_apps":4,"year":2022,"agent":"Montagu Evans LLP","description":"Redevelopment of land at the Shannon Group Headquarters, and adjacent sites bounded by the Denham Road, Sevenhills Road, and the M25 motorway to provide a new hyperscale data centre, training centre and associated infrastructure, and landscaped areas.","link":"https://www.planit.org.uk/planapplic/ChilternSouthBucks/PL/24/2130/FA/","backup":false,"prime":false,"bess":false,"solar":false,"wind":false}},{"type":"Feature","geometry":{"type":"Point","coordinates":[-0.83293,51.679896]},"properties":{"site_id":"Bucks/PL/25/6761/VRC","area":"Wycombe","state":"Permitted","type":"Full","n_apps":7,"year":2008,"agent":null,"description":"Erection of 4 no. Data centre buildings (sui generis use) together with associated groundworks, plant, electricity sub-station, security fence, gates and piers, landscaping, amendment to existing vehicular access(es), internal roads, service areas and provisio","link":"https://www.planit.org.uk/planapplic/Wycombe/08/05740/FULEA/","backup":false,"prime":false,"bess":false,"solar":false,"wind":false}},{"type":"Feature","geometry":{"type":"Point","coordinates":[-0.49921,51.513585]},"properties":{"site_id":"Bucks/PL/26/02874/DE","area":"Buckinghamshire","state":"Undecided","type":"Outline","n_apps":3,"year":2022,"agent":"NWS Planning","description":"Reserved Matters Approval is sought for access, appearance, landscaping, layout and scale PL/22/4145/OA (Outline planning application with all matters reserved for the demolition of the Court Lane Industrial Estate and the redevelopment of the site to comprise","link":"https://www.planit.org.uk/planapplic/Bucks/PL/26/02874/DE/","backup":false,"prime":false,"bess":false,"solar":true,"wind":false}},{"type":"Feature","geometry":{"type":"Point","coordinates":[-0.520128,51.512493]},"properties":{"site_id":"Bucks/PL/26/05748/EIASO","area":"Buckinghamshire","state":"Undecided","type":"Outline","n_apps":1,"year":2026,"agent":null,"description":"Request for an EIA Scoping Opinion under Regulation 6 of the Town and Country Planning (Environmental Impact Assessment) Regulations 2017 (as amended) for a new Data Centre","link":"https://www.planit.org.uk/planapplic/Bucks/PL/26/05748/EIASO/","backup":true,"prime":false,"bess":false,"solar":false,"wind":false}},{"type":"Feature","geometry":{"type":"Point","coordinates":[-2.291465,53.536751]},"properties":{"site_id":"Bury/56599","area":"Bury","state":"Conditions","type":"Full","n_apps":1,"year":2013,"agent":"Design Surveying Partnership Ltd","description":"Single storey side elevation extension to Ivy House to create a new Trust Data Centre","link":"https://www.planit.org.uk/planapplic/Bury/56599/","backup":false,"prime":false,"bess":false,"solar":false,"wind":false}},{"type":"Feature","geometry":{"type":"Point","coordinates":[-3.250289,51.643724]},"properties":{"site_id":"Caerphilly/P/06/0121","area":"Caerphilly","state":"Conditions","type":"Other","n_apps":1,"year":2006,"agent":null,"description":"Refurbish existing, create new IT Data Centre, Training Suite and two extensions for OCC Health and Print Centre","link":"https://www.planit.org.uk/planapplic/Caerphilly/P/06/0121/","backup":false,"prime":false,"bess":false,"solar":false,"wind":false}},{"type":"Feature","geometry":{"type":"Point","coordinates":[-2.032224,53.738202]},"properties":{"site_id":"Calderdale/16/00808/FUL","area":"Calderdale","state":"Withdrawn","type":"Full","n_apps":1,"year":2016,"agent":null,"description":"Proposed data centre (B1) and associated ground works and landscaping.","link":"https://www.planit.org.uk/planapplic/Calderdale/16/00808/FUL/","backup":false,"prime":false,"bess":false,"solar":true,"wind":false}},{"type":"Feature","geometry":{"type":"Point","coordinates":[0.085536,52.212061]},"properties":{"site_id":"Cambridge/16/1134/OUT","area":"Cambridge","state":"Undecided","type":"Outline","n_apps":2,"year":2013,"agent":"AECOM","description":"Outline planning permission with all matters reserved is sought for up to 383,300m2 of development comprising up to 370,000m2 of academic floorspace (Class D1 space), commercial/research institute floorspace (Class B1b and sui generis research uses), of which ","link":"https://www.planit.org.uk/planapplic/Cambridge/16/1134/OUT/","backup":false,"prime":false,"bess":false,"solar":false,"wind":false}},{"type":"Feature","geometry":{"type":"Point","coordinates":[-0.130687,51.520925]},"properties":{"site_id":"Camden/2006/2047/L","area":"Camden","state":"Permitted","type":"Full","n_apps":2,"year":2006,"agent":null,"description":"External works in connection to the relocation of the data centre from the basement area of the west lightwell of the South Courtyard to the lower ground floor of the Gower Street wing and erection of plant deck on lean-to structure in North Courtyard, includi","link":"https://www.planit.org.uk/planapplic/Camden/2006/2044/P/","backup":false,"prime":false,"bess":false,"solar":false,"wind":false}},{"type":"Feature","geometry":{"type":"Point","coordinates":[1.104599,51.299252]},"properties":{"site_id":"Canterbury/CA/25/02094","area":"Canterbury","state":"Undecided","type":"Full","n_apps":1,"year":2025,"agent":null,"description":"Proposed data centre building and compound, engineering operations, fencing, parking and associated works.","link":"https://www.planit.org.uk/planapplic/Canterbury/CA/25/02094/","backup":false,"prime":true,"bess":true,"solar":true,"wind":false}},{"type":"Feature","geometry":{"type":"Point","coordinates":[-3.129283,51.480293]},"properties":{"site_id":"Cardiff/24/00624/FUL","area":"Cardiff","state":"Permitted","type":"Full","n_apps":1,"year":2024,"agent":"Philwill Planning Consultancy Ltd","description":"The partial removal of fill material, undertaking of reprofiling groundworks, and the installation of an Energy Park ( comprising battery energy storage facility, associated substation and ancillary buildings) and Data Centre, along with access, parking, drain","link":"https://www.planit.org.uk/planapplic/Cardiff/24/00624/FUL/","backup":false,"prime":false,"bess":true,"solar":false,"wind":false}},{"type":"Feature","geometry":{"type":"Point","coordinates":[-3.135436,51.521569]},"properties":{"site_id":"Cardiff/26/00109/HYB","area":"Cardiff","state":"Undecided","type":null,"n_apps":1,"year":2026,"agent":"Iceni Projects","description":"Hybrid Application for the demolition of existing structures and redevelopment of the site to provide a data centre and associated buildings, structures, car parking, access roads, bridge across the Rhymney River, site wide landscaping, and associated works.","link":"https://www.planit.org.uk/planapplic/Cardiff/26/00109/HYB/","backup":true,"prime":true,"bess":false,"solar":true,"wind":false}},{"type":"Feature","geometry":{"type":"Point","coordinates":[-6.675152,55.153009]},"properties":{"site_id":"CausewayGlens/C/2012/0071/F","area":"Causeway and Glens","state":"Permitted","type":"Full","n_apps":1,"year":2012,"agent":null,"description":"Erection of single storey data centre and associated plant compound.","link":"https://www.planit.org.uk/planapplic/CausewayGlens/C/2012/0071/F/","backup":false,"prime":false,"bess":false,"solar":false,"wind":false}},{"type":"Feature","geometry":{"type":"Point","coordinates":[-6.685868,55.153412]},"properties":{"site_id":"CausewayGlens/C/2013/0303/F","area":"Causeway and Glens","state":"Permitted","type":"Full","n_apps":3,"year":2013,"agent":"Like Architects","description":"Proposed alteration to the external façade of the Data Centre, repositioning of external plant equipment and revised external landscape design.","link":"https://www.planit.org.uk/planapplic/CausewayGlens/LA01/2018/0105/F/","backup":false,"prime":false,"bess":false,"solar":false,"wind":false}},{"type":"Feature","geometry":{"type":"Point","coordinates":[-7.019062,55.047076]},"properties":{"site_id":"CausewayGlens/LA01/2018/0617/PAN","area":"Causeway and Glens","state":"Permitted","type":"Outline","n_apps":2,"year":2018,"agent":"TSA Planning","description":"Demolition of existing buildings and erection of Data Centre (approximately 25,000m2 ).","link":"https://www.planit.org.uk/planapplic/CausewayGlens/LA01/2018/1190/O/","backup":false,"prime":false,"bess":false,"solar":false,"wind":false}},{"type":"Feature","geometry":{"type":"Point","coordinates":[-0.504892,51.887123]},"properties":{"site_id":"CentralBedfordshire/CB/09/05002/TP","area":"Central Bedfordshire","state":"Permitted","type":"Full","n_apps":3,"year":2009,"agent":null,"description":"Erection of two linked data centre buildings (incorporating data storage equipment servers and associated plant) Erection of boundary and secondary 3.0m high inner security fence with security gates and gatehouse. Erection of substation building to rear with a","link":"https://www.planit.org.uk/planapplic/CentralBedfordshire/CB/09/05548/FULL/","backup":false,"prime":false,"bess":false,"solar":false,"wind":false}},{"type":"Feature","geometry":{"type":"Point","coordinates":[-0.499234,51.917938]},"properties":{"site_id":"CentralBedfordshire/CB/21/04190/DOC","area":"Central Bedfordshire","state":"Conditions","type":"Conditions","n_apps":107,"year":2012,"agent":null,"description":"Discharge of Condition 20 against planning permission ref. CB/12/03613/OUT (Outline planning permission with the details of access, appearance, landscaping, layout and scale reserved for later determination. Development to comprise: up to 5,150 dwellings (Use ","link":"https://www.planit.org.uk/planapplic/CentralBedfordshire/CB/25/03380/DOC/","backup":false,"prime":false,"bess":false,"solar":false,"wind":false}},{"type":"Feature","geometry":{"type":"Point","coordinates":[-0.627193,52.075226]},"properties":{"site_id":"CentralBedfordshire/CB/22/02573/FULL","area":"Central Bedfordshire","state":"Permitted","type":"Full","n_apps":2,"year":2022,"agent":null,"description":"Change of Use from Bank (class E) to University Data Centre (Class F1(a)). Erection of plant compound. Increase building height and ancillary works including underground cable.","link":"https://www.planit.org.uk/planapplic/CentralBedfordshire/CB/23/01594/FULL/","backup":false,"prime":false,"bess":false,"solar":false,"wind":false}},{"type":"Feature","geometry":{"type":"Point","coordinates":[-0.286229,52.14455]},"properties":{"site_id":"CentralBedfordshire/CB/26/01348/OUT","area":"Central Bedfordshire","state":"Undecided","type":"Outline","n_apps":1,"year":2026,"agent":null,"description":"Hybrid planning application comprising: Outline application for commercial development for up to 71,000 sqm of flexible employment floorspace including industrial and/or a data centre and/or research and development (Class B2, B8, E(g)(ii), E(g)(iii)), togethe","link":"https://www.planit.org.uk/planapplic/CentralBedfordshire/CB/26/01348/OUT/","backup":false,"prime":false,"bess":false,"solar":false,"wind":false}},{"type":"Feature","geometry":{"type":"Point","coordinates":[-1.223156,52.786774]},"properties":{"site_id":"Charnwood/P/02/2324/2","area":"Charnwood","state":"Permitted","type":"Full","n_apps":2,"year":2001,"agent":null,"description":"Erection of single storey building for data centre. (137sq.m)","link":"https://www.planit.org.uk/planapplic/Charnwood/P/01/2942/2/","backup":false,"prime":false,"bess":false,"solar":false,"wind":false}},{"type":"Feature","geometry":{"type":"Point","coordinates":[-1.22952,52.764828]},"properties":{"site_id":"Charnwood/P/23/0050/2","area":"Charnwood","state":"Permitted","type":"Full","n_apps":2,"year":2022,"agent":null,"description":"Variation of conditions 2 (approved plans) and 3 (landscaping) of P/22/0023/2 - Erection of energy and data centre with associated landscaping and ancillary works.","link":"https://www.planit.org.uk/planapplic/Charnwood/P/23/0050/2/","backup":false,"prime":false,"bess":false,"solar":false,"wind":false}},{"type":"Feature","geometry":{"type":"Point","coordinates":[0.509504,51.748382]},"properties":{"site_id":"Chelmsford/04/02513/FUL","area":"Chelmsford","state":"Permitted","type":"Full","n_apps":1,"year":2004,"agent":null,"description":"Conversion of existing warehouse/office building for use as data centre and postal distribution centre. Increase in first floor space above data centre for additional office and storage facilities.","link":"https://www.planit.org.uk/planapplic/Chelmsford/04/02513/FUL/","backup":false,"prime":false,"bess":false,"solar":false,"wind":false}},{"type":"Feature","geometry":{"type":"Point","coordinates":[0.473253,51.680704]},"properties":{"site_id":"Chelmsford/14/00271/SCOPE","area":"Chelmsford","state":"Permitted","type":"Outline","n_apps":1,"year":2014,"agent":null,"description":"Scoping Opinion for outline planning application for a 112,126sqm. mixed use development for offices, a printery, maintenance workshops, a laundry, data centre, audio-visual studio, energy centre, vehicle washing, at least 30,000sqm accommodation & an auditori","link":"https://www.planit.org.uk/planapplic/Chelmsford/14/00271/SCOPE/","backup":false,"prime":false,"bess":false,"solar":false,"wind":false}},{"type":"Feature","geometry":{"type":"Point","coordinates":[0.46256,51.777083]},"properties":{"site_id":"Chelmsford/24/01176/FUL","area":"Chelmsford","state":"Permitted","type":"Full","n_apps":1,"year":2024,"agent":null,"description":"Construction of single storey critical containerised datacenter situated within a secure compound area to provide acoustic screening and high level of security with associated parking and access.","link":"https://www.planit.org.uk/planapplic/Chelmsford/24/01176/FUL/","backup":false,"prime":false,"bess":false,"solar":false,"wind":false}},{"type":"Feature","geometry":{"type":"Point","coordinates":[0.526201,51.762503]},"properties":{"site_id":"Chelmsford/25/01716/FUL","area":"Chelmsford","state":"Undecided","type":"Full","n_apps":1,"year":2025,"agent":null,"description":"Erection of two data centres (Use Class B8) with ancillary office space, public realm, hard and soft landscaping, vehicular/pedestrian/cycle access and circulation works, car and cycle parking, sustainable drainage systems, re-levelling, creation of a new culv","link":"https://www.planit.org.uk/planapplic/Chelmsford/25/01716/FUL/","backup":false,"prime":false,"bess":false,"solar":false,"wind":false}},{"type":"Feature","geometry":{"type":"Point","coordinates":[-2.094493,51.905896]},"properties":{"site_id":"Cheltenham/20/00847/FUL","area":"Cheltenham","state":"Permitted","type":"Full","n_apps":1,"year":2020,"agent":"WYG","description":"Provision of a data centre (use class B8) within unit 4 Cheltenham Trade Park, together with associated external alterations comprising installation of vents within the front and rear elevations and replacement doors.","link":"https://www.planit.org.uk/planapplic/Cheltenham/20/00847/FUL/","backup":false,"prime":false,"bess":false,"solar":false,"wind":false}},{"type":"Feature","geometry":{"type":"Point","coordinates":[-1.283582,51.799152]},"properties":{"site_id":"Cherwell/26/00720/OUT","area":"Cherwell","state":"Undecided","type":"Outline","n_apps":1,"year":2026,"agent":null,"description":"Outline Planning Permission all matters reserved except access for multi phased (severable) Innovation District development accommodating up to 290,500sqm of gross external floorspace comprising: Up to 170,000sqm gross external area of Research & Development F","link":"https://www.planit.org.uk/planapplic/Cherwell/26/00720/OUT/","backup":false,"prime":false,"bess":false,"solar":false,"wind":false}},{"type":"Feature","geometry":{"type":"Point","coordinates":[-1.327949,53.252899]},"properties":{"site_id":"Chesterfield/CHE/25/00799/FUL","area":"Chesterfield","state":"Conditions","type":"Full","n_apps":1,"year":2025,"agent":null,"description":"Development of a modular data centre, associated equipment and structures, staff accommodation, fencing and associated works","link":"https://www.planit.org.uk/planapplic/Chesterfield/CHE/25/00799/FUL/","backup":false,"prime":true,"bess":false,"solar":false,"wind":false}},{"type":"Feature","geometry":{"type":"Point","coordinates":[-0.621235,51.71561]},"properties":{"site_id":"ChilternSouthBucks/CH/2012/30042/COND","area":"Chiltern South Bucks","state":"Conditions","type":"Full","n_apps":3,"year":2011,"agent":"TTSP","description":"Redevelopment of site to provide two linked buildings comprising technical services data centre, offices, internal plant and I.T facilities, together with parking, fencing and detached security huts, served by access from Asheridge Road","link":"https://www.planit.org.uk/planapplic/ChilternSouthBucks/CH/2011/0540/FA/","backup":false,"prime":false,"bess":false,"solar":false,"wind":false}},{"type":"Feature","geometry":{"type":"Point","coordinates":[-0.540015,51.506626]},"properties":{"site_id":"ChilternSouthBucks/PL/20/2041/ADJ","area":"Chiltern South Bucks","state":"Permitted","type":"Outline","n_apps":3,"year":2019,"agent":null,"description":"Consultation from Slough Borough Council re: Outline planning permission with the details of access, appearance, landscaping, layout and scale reserved for later determination.Demolition and redevelopment to comprise on plot (B) a data centre of up to 93,000 s","link":"https://www.planit.org.uk/planapplic/ChilternSouthBucks/PL/20/2041/ADJ/","backup":false,"prime":false,"bess":false,"solar":false,"wind":false}},{"type":"Feature","geometry":{"type":"Point","coordinates":[-0.485079,51.504267]},"properties":{"site_id":"ChilternSouthBucks/PL/20/4404/OA","area":"Chiltern South Bucks","state":"Unresolved","type":"Outline","n_apps":4,"year":2020,"agent":"Barton Willmore","description":"Outline planning permission for demolition and redevelopment to comprise a data centre ( Sui Generis (Data Centre)) of up to 55,000sqm (GEA) (excluding gantries) including ancillary offices, internal plant & equipment and substation (all matters reserved). In ","link":"https://www.planit.org.uk/planapplic/ChilternSouthBucks/PL/21/4584/OA/","backup":false,"prime":false,"bess":false,"solar":false,"wind":false}},{"type":"Feature","geometry":{"type":"Point","coordinates":[-0.493371,51.533319]},"properties":{"site_id":"ChilternSouthBucks/PL/21/3140/EIASR","area":"Chiltern South Bucks","state":"Rejected","type":"Outline","n_apps":6,"year":2021,"agent":"Pegasus Group","description":"Outline planning application with all matters reserved except for principal points of access for the redevelopment of the former landfill site to comprise a data centre development (Use Class B8) of up to 72,000 sqm (GEA) delivered across 2 buildings to includ","link":"https://www.planit.org.uk/planapplic/ChilternSouthBucks/PL/24/0754/OA/","backup":false,"prime":false,"bess":false,"solar":false,"wind":false}},{"type":"Feature","geometry":{"type":"Point","coordinates":[-0.566443,51.547444]},"properties":{"site_id":"ChilternSouthBucks/PL/22/2710/OA","area":"Chiltern South Bucks","state":"Withdrawn","type":"Outline","n_apps":2,"year":2022,"agent":"Barton Willmore","description":"Outline application with all matters reserved for demolition phase and phased redevelopment (each phase being an independent act of redevelopment) comprising data centre (use class B8), including ancillary offices, internal plant and equipment (including flues","link":"https://www.planit.org.uk/planapplic/ChilternSouthBucks/PL/22/2710/OA/","backup":false,"prime":false,"bess":false,"solar":false,"wind":false}},{"type":"Feature","geometry":{"type":"Point","coordinates":[-0.533157,51.538014]},"properties":{"site_id":"ChilternSouthBucks/PL/25/1157/EIASR","area":"Chiltern South Bucks","state":"Undecided","type":"Outline","n_apps":2,"year":2025,"agent":"Turley","description":"Outline planning application with all matters reserved, except for the principal points of access from Pinewood Road and Uxbridge Road, to comprise data centre (Use Class B8) of up to 55,030 sq m (592,338 sq ft) GIA of building floorspace, power sub stations, ","link":"https://www.planit.org.uk/planapplic/ChilternSouthBucks/PL/25/2076/OA/","backup":false,"prime":false,"bess":false,"solar":false,"wind":false}},{"type":"Feature","geometry":{"type":"Point","coordinates":[-0.49701,51.539256]},"properties":{"site_id":"ChilternSouthBucks/PL/25/2080/OA","area":"Chiltern South Bucks","state":"Undecided","type":"Outline","n_apps":2,"year":2025,"agent":"Union4 Planning","description":"Outline planning application for proposed development of data centre building (Use Class B8), ancillary offices, plant and equipment, substation, new access/egress, internal road and bridge, landscaping, biodiversity and drainage features, upgrade works to the","link":"https://www.planit.org.uk/planapplic/ChilternSouthBucks/PL/25/2080/OA/","backup":false,"prime":false,"bess":false,"solar":false,"wind":false}},{"type":"Feature","geometry":{"type":"Point","coordinates":[-2.641197,53.668359]},"properties":{"site_id":"Chorley/18/00373/MNMA","area":"Chorley","state":"Permitted","type":"Outline","n_apps":3,"year":2016,"agent":null,"description":"Reserved matters application (for the appearance, landscaping, layout and scale) for the erection of a digital office park (use class B1); data centre (use class B8) and business centre units (use classes B1/B2/B8), associated spine road and car parking (assoc","link":"https://www.planit.org.uk/planapplic/Chorley/16/00337/REMMAJ/","backup":false,"prime":false,"bess":false,"solar":false,"wind":false}},{"type":"Feature","geometry":{"type":"Point","coordinates":[-1.58518,54.788773]},"properties":{"site_id":"CountyDurham/4/02/00840/FPA","area":"Durham","state":"Permitted","type":"Full","n_apps":4,"year":2002,"agent":null,"description":"External alteration to existing garage to provide a data centre and external chiller unit","link":"https://www.planit.org.uk/planapplic/CountyDurham/4/02/00840/FPA/","backup":true,"prime":false,"bess":false,"solar":false,"wind":false}},{"type":"Feature","geometry":{"type":"Point","coordinates":[-1.48496,52.439978]},"properties":{"site_id":"Coventry/DC/2018/3251","area":"Coventry","state":"Conditions","type":"Full","n_apps":2,"year":2018,"agent":null,"description":"Change of use to B8 (storage and distribution) for the provision of a data centre together with the installation of six air conditioning units","link":"https://www.planit.org.uk/planapplic/Coventry/FUL/2018/1485/","backup":false,"prime":false,"bess":false,"solar":false,"wind":false}},{"type":"Feature","geometry":{"type":"Point","coordinates":[-1.440825,52.393631]},"properties":{"site_id":"Coventry/DC/2018/3252","area":"Coventry","state":"Conditions","type":"Full","n_apps":2,"year":2018,"agent":null,"description":"Provision of a data centre together with amendments to the existing premises including installation of air outlet vents and the installation of six air conditioning units on the western side of the premises","link":"https://www.planit.org.uk/planapplic/Coventry/FUL/2018/1484/","backup":false,"prime":false,"bess":false,"solar":false,"wind":false}},{"type":"Feature","geometry":{"type":"Point","coordinates":[-1.569562,52.388605]},"properties":{"site_id":"Coventry/FUL/2018/3208","area":"Coventry","state":"Conditions","type":"Full","n_apps":3,"year":2018,"agent":null,"description":"Installation of 6 air conditioning units and 1 generator within an outdoor compound and provision of a data centre (Resubmission of FUL/2018/1512","link":"https://www.planit.org.uk/planapplic/Coventry/FUL/2018/3208/","backup":false,"prime":false,"bess":false,"solar":false,"wind":false}},{"type":"Feature","geometry":{"type":"Point","coordinates":[-1.558103,52.386997]},"properties":{"site_id":"Coventry/NMA/2020/0322","area":"Coventry","state":"Conditions","type":"Full","n_apps":3,"year":2018,"agent":null,"description":"Removal of a redundant acoustic barrier, removal of redundant solar shading, construction of a new building within the existing external plant compound (UPS Building) and extension to existing plant concrete slab for a new chiller unit (DAC). Addition of ductw","link":"https://www.planit.org.uk/planapplic/Coventry/FUL/2018/1708/","backup":false,"prime":false,"bess":false,"solar":false,"wind":false}},{"type":"Feature","geometry":{"type":"Point","coordinates":[-0.435483,51.754619]},"properties":{"site_id":"Dacorum/21/04714/SCE","area":"Dacorum","state":"Undecided","type":"Full","n_apps":3,"year":2021,"agent":"Arup","description":"Installation of eight condenser units and associated cable tray in connection with the adjacent Data Centre","link":"https://www.planit.org.uk/planapplic/Dacorum/26/01087/FUL/","backup":true,"prime":false,"bess":false,"solar":true,"wind":false}},{"type":"Feature","geometry":{"type":"Point","coordinates":[-0.438832,51.761687]},"properties":{"site_id":"Dacorum/24/02039/MOA","area":"Dacorum","state":"Permitted","type":"Outline","n_apps":1,"year":2024,"agent":"CPW Planning","description":"Outline planning permission for phased redevelopment of site for data centre (Use Class B8) of up to 5,100 sqm GEA with all matters reserved excluding means of access. Includes ancillary offices, substation, car parking, external plant, servicing areas and ass","link":"https://www.planit.org.uk/planapplic/Dacorum/24/02039/MOA/","backup":true,"prime":false,"bess":true,"solar":false,"wind":false}},{"type":"Feature","geometry":{"type":"Point","coordinates":[-0.4298,51.763895]},"properties":{"site_id":"Dacorum/4/00257/13/DRC","area":"Dacorum","state":"Permitted","type":"Full","n_apps":3,"year":2012,"agent":"EPR ARCHITECTS LTD - MR A SLIJEPCEVIC","description":"Construction of one data centre unit (class b8) with car parking, landscaping and associated works","link":"https://www.planit.org.uk/planapplic/Dacorum/4/00976/12/MFA/","backup":false,"prime":false,"bess":false,"solar":false,"wind":false}},{"type":"Feature","geometry":{"type":"Point","coordinates":[-0.426368,51.75341]},"properties":{"site_id":"Dacorum/4/01366/09/FUL","area":"Dacorum","state":"Permitted","type":"Full","n_apps":4,"year":2009,"agent":null,"description":"generator and chiller unit enclosures to serve new data centre (amended scheme)","link":"https://www.planit.org.uk/planapplic/Dacorum/4/01366/09/FUL/","backup":true,"prime":false,"bess":false,"solar":false,"wind":false}},{"type":"Feature","geometry":{"type":"Point","coordinates":[-1.577151,54.556736]},"properties":{"site_id":"Darlington/10/00798/FUL","area":"Darlington","state":"Permitted","type":"Full","n_apps":1,"year":2010,"agent":null,"description":"S106 Agreememt never signed - case finally disposed of 28.01.2021Hybrid application for erection of data centre with associated access, landscaping and ancillary buildings (Detailed); and construction of access road from Rotary Way (Outline) (Additional inform","link":"https://www.planit.org.uk/planapplic/Darlington/10/00798/FUL/","backup":false,"prime":false,"bess":false,"solar":false,"wind":false}},{"type":"Feature","geometry":{"type":"Point","coordinates":[-1.468111,52.876708]},"properties":{"site_id":"Derby/18/01557/NONM","area":"Derby","state":"Undecided","type":"Amendment","n_apps":1,"year":2018,"agent":null,"description":"Proposed Innovation Centre comprising office and workshop spaces, together with seminar rooms and meeting rooms, back of house and welfare facilities, stand-alone data centre, external service compounds, 59 car parking spaces, cycle facilities, soft and hard l","link":"https://www.planit.org.uk/planapplic/Derby/18/01557/NONM/","backup":false,"prime":false,"bess":false,"solar":false,"wind":false}},{"type":"Feature","geometry":{"type":"Point","coordinates":[-1.4382,52.902083]},"properties":{"site_id":"Derby/19/01343/FUL","area":"Derby","state":"Permitted","type":"Full","n_apps":1,"year":2019,"agent":"WYG","description":"Erection of a compound for use as a data centre. Installation of eight air conditioning units, two generators with a boundary fence and gates","link":"https://www.planit.org.uk/planapplic/Derby/19/01343/FUL/","backup":false,"prime":false,"bess":false,"solar":false,"wind":false}},{"type":"Feature","geometry":{"type":"Point","coordinates":[-1.499666,52.920912]},"properties":{"site_id":"Derby/19/01434/FUL","area":"Derby","state":"Permitted","type":"Full","n_apps":1,"year":2019,"agent":"WYG","description":"Erection of a compound for use as a data centre. Installation of eight air conditioning units, two generators with a boundary fence and gates","link":"https://www.planit.org.uk/planapplic/Derby/19/01434/FUL/","backup":false,"prime":false,"bess":false,"solar":false,"wind":false}},{"type":"Feature","geometry":{"type":"Point","coordinates":[-1.507997,52.922079]},"properties":{"site_id":"Derby/19/01787/FUL","area":"Derby","state":"Permitted","type":"Full","n_apps":1,"year":2020,"agent":"WYG","description":"Provision of a data centre (Use Class B8) together with the installation of 12 air conditioning units and two generators contained within an outdoor compound","link":"https://www.planit.org.uk/planapplic/Derby/19/01787/FUL/","backup":false,"prime":false,"bess":false,"solar":false,"wind":false}},{"type":"Feature","geometry":{"type":"Point","coordinates":[-7.363944,55.036675]},"properties":{"site_id":"DerryStrabane/A/2010/0645/F","area":"Derry and Strabane","state":"Permitted","type":"Full","n_apps":1,"year":2010,"agent":null,"description":"Erection of 2 storey Data Centre building with ancillary offices and roof level plant area and screen fence, new access road, car parking, landscaping, 2 open air plant compounds and associated site and access works","link":"https://www.planit.org.uk/planapplic/DerryStrabane/A/2010/0645/F/","backup":false,"prime":false,"bess":false,"solar":false,"wind":false}},{"type":"Feature","geometry":{"type":"Point","coordinates":[-7.254869,55.040727]},"properties":{"site_id":"DerryStrabane/LA11/2019/0022/PAN","area":"Derry and Strabane","state":"Permitted","type":"Outline","n_apps":4,"year":2018,"agent":"MCI Planning and Development","description":"Erection of one IT service and data centre buildings, substation compounds, generators, switch gear and transformers together with internal access roads, vehicular access, car parking, security perimeter fencing and gate houses, external site lighting, and ass","link":"https://www.planit.org.uk/planapplic/DerryStrabane/LA11/2023/1729/RM/","backup":false,"prime":false,"bess":false,"solar":false,"wind":false}},{"type":"Feature","geometry":{"type":"Point","coordinates":[-1.132622,53.513215]},"properties":{"site_id":"Doncaster/19/01957/FUL","area":"Doncaster","state":"Permitted","type":"Full","n_apps":1,"year":2019,"agent":"WYG","description":"Provision of a data centre comprising of the installation of two steel cabins, twelve air conditioning units and two generators contained within an enclosed outdoor compound of a 2.4m high mesh fence.","link":"https://www.planit.org.uk/planapplic/Doncaster/19/01957/FUL/","backup":false,"prime":false,"bess":false,"solar":false,"wind":false}},{"type":"Feature","geometry":{"type":"Point","coordinates":[-1.124593,53.534702]},"properties":{"site_id":"Doncaster/26/00873/FUL","area":"Doncaster","state":"Permitted","type":"Full","n_apps":1,"year":2026,"agent":null,"description":"Installation of 2 no. modular data centres measuring 12m x 4m, 2 no. generators measuring 4m x 2.5m, 1 no. electric meter cabinet, 2.4m palisade compound and compound base to be finished with local stone, and demolition of existing mast","link":"https://www.planit.org.uk/planapplic/Doncaster/26/00873/FUL/","backup":false,"prime":false,"bess":false,"solar":false,"wind":false}},{"type":"Feature","geometry":{"type":"Point","coordinates":[-3.353764,55.147541]},"properties":{"site_id":"Dumfries/12/N/4/0006","area":"Dumfries","state":"Permitted","type":"Outline","n_apps":5,"year":2009,"agent":"WYG","description":"APPLICATION TO DEVELOP LAND WITHOUT COMPLIANCE WITH CONDITION 1 OF PLANNING PERMISSION IN PRINCIPLE 13/P/4/0154 (CONDITION RELATING TO TIME PERIOD FOR COMMENCEMENT OF WORKS ON SITE) AND CONDITIONS 2, 11, 12, 13, 14, 15, 18, 19, 25, 28, 29, 31 PREVIOUSLY ATTACH","link":"https://www.planit.org.uk/planapplic/Dumfries/16/1217/PIP/","backup":false,"prime":false,"bess":false,"solar":false,"wind":false}},{"type":"Feature","geometry":{"type":"Point","coordinates":[-3.226847,55.014244]},"properties":{"site_id":"Dumfries/26/0855/PAN","area":"Dumfries","state":"Undecided","type":null,"n_apps":1,"year":2026,"agent":"Quod Limited","description":"PROPOSAL OF APPLICATION NOTICE FOR DATA CENTRE LED DEVELOPMENT INCLUDING UP TO 162,000 SQUARE METRES OF DATA CENTRE BUILDINGS, UP TO 1,100 SQUARE METRES OF TRAINING CENTRE/RECEPTION/SECURITY, UP TO 6,500 SQUARE METRES OF INDUSTRIAL UNITS, SUBSTATION AND OTHER ","link":"https://www.planit.org.uk/planapplic/Dumfries/26/0855/PAN/","backup":false,"prime":false,"bess":false,"solar":false,"wind":false}},{"type":"Feature","geometry":{"type":"Point","coordinates":[-3.006615,56.479993]},"properties":{"site_id":"Dundee/19/00533/FULL","area":"Dundee","state":"Withdrawn","type":"Full","n_apps":1,"year":2019,"agent":"WYG","description":"Provision of 2no. data centre cabins (Class 6) together with the installation of 12 no. air conditioning units, 2no, generators and 1no. meter cabinet all within an outdoor fenced compound with associated access.","link":"https://www.planit.org.uk/planapplic/Dundee/19/00533/FULL/","backup":false,"prime":false,"bess":false,"solar":false,"wind":false}},{"type":"Feature","geometry":{"type":"Point","coordinates":[-2.892069,56.480663]},"properties":{"site_id":"Dundee/20/00224/FULL","area":"Dundee","state":"Withdrawn","type":"Full","n_apps":1,"year":2020,"agent":"WYG","description":"Provision of 2no. data centre cabins (Class 6) together with the installation of 12no. air conditioning units, 2no. generators and 1no. meter cabinet, all within an outdoor fenced compound with associated access","link":"https://www.planit.org.uk/planapplic/Dundee/20/00224/FULL/","backup":false,"prime":false,"bess":false,"solar":false,"wind":false}},{"type":"Feature","geometry":{"type":"Point","coordinates":[-0.276676,51.525112]},"properties":{"site_id":"Ealing/221823OPDCOB","area":"Old Oak Park Royal","state":"Permitted","type":"Full","n_apps":11,"year":2022,"agent":null,"description":"Demolition of all existing buildings and redevelopment of the site to provide a data centre (Use Class B8) with associated energy and electrical infrastructure, visitor reception building, security gatehouse, plant, boundary enclosures, car and cycle parking, ","link":"https://www.planit.org.uk/planapplic/OldOakParkRoyal/22/0059/FUMOPDC/","backup":false,"prime":false,"bess":false,"solar":false,"wind":false}},{"type":"Feature","geometry":{"type":"Point","coordinates":[-0.257464,51.531797]},"properties":{"site_id":"Ealing/224110OPDFUL","area":"Ealing","state":"Conditions","type":"Full","n_apps":3,"year":2022,"agent":"Hypen","description":"Provision of external tanks and pump rooms, new external pipe runs and new louvres to existing windows to east elevation; all works ancillary to operation of existing Data Centre (Retrospective Application)","link":"https://www.planit.org.uk/planapplic/Ealing/224110OPDFUL/","backup":false,"prime":false,"bess":false,"solar":false,"wind":false}},{"type":"Feature","geometry":{"type":"Point","coordinates":[-0.4142,51.503754]},"properties":{"site_id":"Ealing/244495CONS","area":"Ealing","state":"Permitted","type":"Outline","n_apps":7,"year":2024,"agent":null,"description":"Demolition of the existing building and structures on site, and all other associated site clearance works. Construction of a data centre building (Class B8) with plant at roof level with an emergency generator (1no.) and associated flue (provided within an ext","link":"https://www.planit.org.uk/planapplic/Ealing/244495CONS/","backup":false,"prime":false,"bess":false,"solar":false,"wind":false}},{"type":"Feature","geometry":{"type":"Point","coordinates":[-0.403027,51.500805]},"properties":{"site_id":"Ealing/250949FUL","area":"Hillingdon","state":"Permitted","type":"Full","n_apps":15,"year":2024,"agent":null,"description":"OUT OF BOROUGH CONSULTATION FROM EALING COUNCIL FOR: Site clearance and preparation, including demolition of all existing buildings on site and redevelopment of the site to provide: Construction of four data centre units within three buildings of approximately","link":"https://www.planit.org.uk/planapplic/Hillingdon/39704/APP/2025/812/","backup":true,"prime":false,"bess":false,"solar":true,"wind":false}},{"type":"Feature","geometry":{"type":"Point","coordinates":[-0.394834,51.512375]},"properties":{"site_id":"Ealing/251348CONS","area":"Hillingdon","state":"Permitted","type":"Full","n_apps":3,"year":2024,"agent":null,"description":"Hybrid planning application for a four-phased redevelopment to deliver a data centre campus comprising of: Phase 1 - Full planning permission for (a) a data centre building; (b) energy, power, and water infrastructure; (c) site access and internal roads includ","link":"https://www.planit.org.uk/planapplic/Hillingdon/78343/APP/2025/719/","backup":false,"prime":false,"bess":false,"solar":false,"wind":false}},{"type":"Feature","geometry":{"type":"Point","coordinates":[-0.372668,51.504498]},"properties":{"site_id":"Ealing/251707SCE","area":"Hillingdon","state":"Permitted","type":"Full","n_apps":2,"year":2025,"agent":null,"description":"OUT OF BOROUGH CONSULTATION FROM EALING COUNCIL FOR: Request for a Screening Opinion under Regulation 6 of the Town and Country Planning (Environmental Impact Assessment) Regulations 2017 (as amended) in respect of proposals by Cyrus One for the development an","link":"https://www.planit.org.uk/planapplic/Hillingdon/79468/APP/2025/1250/","backup":false,"prime":false,"bess":false,"solar":false,"wind":false}},{"type":"Feature","geometry":{"type":"Point","coordinates":[-0.370128,51.505019]},"properties":{"site_id":"Ealing/253874FUL","area":"Ealing","state":"Undecided","type":"Full","n_apps":1,"year":2025,"agent":"Montagu Evans","description":"Redevelopment of the site to provide a hyperscale data centre (Sui Generis) with ancillary offices, plant and equipment; affordable workspace including a training centre and ancillary amenities (Use Class E); substation; access; parking; landscaping; and assoc","link":"https://www.planit.org.uk/planapplic/Ealing/253874FUL/","backup":true,"prime":false,"bess":false,"solar":true,"wind":false}},{"type":"Feature","geometry":{"type":"Point","coordinates":[-0.282183,51.536198]},"properties":{"site_id":"Ealing/P/2008/1739","area":"Ealing","state":"Conditions","type":"Full","n_apps":1,"year":2008,"agent":"Saradan Design & Management Ltd","description":"Installation of generators, chillers, transformers, pump room, fuel tank and electricity substation and formation of refuse storage area within car park and yard of warehouse and erection of replacement and new fencing in conjunction with the use of the wareho","link":"https://www.planit.org.uk/planapplic/Ealing/P/2008/1739/","backup":false,"prime":false,"bess":false,"solar":false,"wind":false}},{"type":"Feature","geometry":{"type":"Point","coordinates":[-0.309782,51.512825]},"properties":{"site_id":"Ealing/P/2010/5101","area":"Ealing","state":"Withdrawn","type":"Conditions","n_apps":2,"year":2010,"agent":"Maa Architects","description":"Variation of condition 19 (sustainability measures) of planning permission Ref:P/2008/3284 dated 13/01/2009 state 'pre commencement for hotel but pre occupation for the data centre. for erection of part 5, 6 and 9 storey building with mezzanine floor and basem","link":"https://www.planit.org.uk/planapplic/Ealing/P/2010/5101/","backup":false,"prime":false,"bess":false,"solar":false,"wind":false}},{"type":"Feature","geometry":{"type":"Point","coordinates":[-0.321778,51.538158]},"properties":{"site_id":"Ealing/P/2011/5289","area":"Ealing","state":"Conditions","type":"Full","n_apps":4,"year":2011,"agent":"Darling Associates Ltd","description":"Construction of building to be used as data centre (Use Class Sui-Generis) with ancillary car parking, substation and switch building, refuse storage, landscaping works and plant area (following demolition of existing buildings)","link":"https://www.planit.org.uk/planapplic/Ealing/P/2011/2000/","backup":false,"prime":false,"bess":false,"solar":false,"wind":false}},{"type":"Feature","geometry":{"type":"Point","coordinates":[-0.401102,51.480495]},"properties":{"site_id":"Ealing/P/2013/1600","area":"Hounslow","state":"Rejected","type":"Outline","n_apps":2,"year":2013,"agent":null,"description":"The extraction of minerals and all necessary enabling works, hard and soft landscaping to create a new park; subterranean development to provide up to 177,500 (GIA) sqm of warehousing and storage (Class B8) and data centre (Sui Generis) floorspace and associat","link":"https://www.planit.org.uk/planapplic/Hounslow/P/2013/1045/","backup":false,"prime":false,"bess":false,"solar":false,"wind":false}},{"type":"Feature","geometry":{"type":"Point","coordinates":[-4.415599,55.688995]},"properties":{"site_id":"EastAyrshire/14/0002/PREAPP","area":"East Ayrshire","state":"Conditions","type":"Outline","n_apps":2,"year":2013,"agent":null,"description":"Proposed data centre of 10,000 sqm and a wind farm comprising 8 turbines of 99.5m to tip.","link":"https://www.planit.org.uk/planapplic/EastAyrshire/14/0002/PREAPP/","backup":false,"prime":false,"bess":false,"solar":false,"wind":false}},{"type":"Feature","geometry":{"type":"Point","coordinates":[-4.409163,55.460976]},"properties":{"site_id":"EastAyrshire/25/0003/EIASCR","area":"East Ayrshire","state":"Permitted","type":"Outline","n_apps":1,"year":2025,"agent":"AAH Consultants","description":"Request EIA Screening Opinion for a proposed Data Centre Campus development","link":"https://www.planit.org.uk/planapplic/EastAyrshire/25/0003/EIASCR/","backup":false,"prime":false,"bess":false,"solar":false,"wind":false}},{"type":"Feature","geometry":{"type":"Point","coordinates":[-4.445493,55.589073]},"properties":{"site_id":"EastAyrshire/25/0008/PREAPP","area":"East Ayrshire","state":"Conditions","type":"Outline","n_apps":1,"year":2025,"agent":null,"description":"Data centre complex including data halls, substation, new road access, balancing pond, security, associated development, landscaping, new trees, wildflower meadow (major application)","link":"https://www.planit.org.uk/planapplic/EastAyrshire/25/0008/PREAPP/","backup":false,"prime":false,"bess":false,"solar":false,"wind":false}},{"type":"Feature","geometry":{"type":"Point","coordinates":[0.131475,52.395689]},"properties":{"site_id":"EastCambridgeshire/07/01429/DISB","area":"East Cambridgeshire","state":"Permitted","type":"Outline","n_apps":8,"year":2007,"agent":null,"description":"Reserved matters of previously approved 12/00301/VAR (To vary conditions 1,4,5,7,8,9,12 & 13 of 12/00301/VAR, for Outline planning permission for data centre buildings (Class B1) up to 65,000 sqm together with associated services, offices, infrastructure, car ","link":"https://www.planit.org.uk/planapplic/EastCambridgeshire/22/00580/RMM/","backup":true,"prime":false,"bess":false,"solar":false,"wind":false}},{"type":"Feature","geometry":{"type":"Point","coordinates":[-4.172665,55.943338]},"properties":{"site_id":"EastDunbartonshire/TP/ED/06/0664","area":"East Dunbartonshire","state":"Permitted","type":"Full","n_apps":2,"year":2006,"agent":null,"description":"proposed datacentre extension & compound area with new access road","link":"https://www.planit.org.uk/planapplic/EastDunbartonshire/TP/ED/07/0535/","backup":false,"prime":false,"bess":false,"solar":false,"wind":false}},{"type":"Feature","geometry":{"type":"Point","coordinates":[0.104101,51.871884]},"properties":{"site_id":"EastHertfordshire/3/08/0593/FP","area":"East Hertfordshire","state":"Conditions","type":"Full","n_apps":2,"year":2008,"agent":"Arcadiam Associates","description":"Erection of 2 no. data centre buildings containing data handling computers, associated plant areas, technical support services and ancillary office area. 2 no external compounds, substation building and associated site works.","link":"https://www.planit.org.uk/planapplic/EastHertfordshire/3/08/0593/FP/","backup":false,"prime":false,"bess":false,"solar":false,"wind":false}},{"type":"Feature","geometry":{"type":"Point","coordinates":[-0.038695,51.813178]},"properties":{"site_id":"EastHertfordshire/3/22/0670/FUL","area":"East Hertfordshire","state":"Conditions","type":"Full","n_apps":1,"year":2022,"agent":null,"description":"Erection of data centre building.","link":"https://www.planit.org.uk/planapplic/EastHertfordshire/3/22/0670/FUL/","backup":true,"prime":false,"bess":false,"solar":false,"wind":false}},{"type":"Feature","geometry":{"type":"Point","coordinates":[-1.372748,50.954311]},"properties":{"site_id":"Eastleigh/F/12/71694","area":"Eastleigh","state":"Permitted","type":"Full","n_apps":3,"year":2011,"agent":null,"description":"Construction of new freestanding data centre within existing car park and reconfiguration of car parking spaces","link":"https://www.planit.org.uk/planapplic/Eastleigh/F/12/71694/","backup":false,"prime":false,"bess":false,"solar":false,"wind":false}},{"type":"Feature","geometry":{"type":"Point","coordinates":[-2.532861,55.983339]},"properties":{"site_id":"EastLothian/25/00008/SCR","area":"East Lothian","state":"Permitted","type":"Outline","n_apps":1,"year":2025,"agent":null,"description":"Green energy data centre and community renewable heat hub","link":"https://www.planit.org.uk/planapplic/EastLothian/25/00008/SCR/","backup":false,"prime":false,"bess":false,"solar":false,"wind":false}},{"type":"Feature","geometry":{"type":"Point","coordinates":[-0.647592,52.516379]},"properties":{"site_id":"EastNorthamptonshire/13/00578/CND","area":"East Northamptonshire","state":"Permitted","type":"Full","n_apps":6,"year":2011,"agent":null,"description":"Erection of a Data Centre including associated ancillary buildings, access, landscaping and other infrastructure","link":"https://www.planit.org.uk/planapplic/EastNorthamptonshire/11/01535/FUL/","backup":false,"prime":false,"bess":false,"solar":false,"wind":false}},{"type":"Feature","geometry":{"type":"Point","coordinates":[-0.459286,53.723101]},"properties":{"site_id":"EastRiding/18/01282/STREM","area":"East Riding","state":"Permitted","type":"Outline","n_apps":1,"year":2018,"agent":null,"description":"Erection of a Data Centre with office space and data hall including ancillary car park and plant area following outline permission 13/02534/STVAR (All matters to be considered)","link":"https://www.planit.org.uk/planapplic/EastRiding/18/01282/STREM/","backup":false,"prime":false,"bess":false,"solar":false,"wind":false}},{"type":"Feature","geometry":{"type":"Point","coordinates":[-0.22746,53.745902]},"properties":{"site_id":"EastRiding/22/00301/STREME","area":"East Riding","state":"Permitted","type":"Outline","n_apps":1,"year":2022,"agent":null,"description":"Erection of an Energy Centre, a Data Centre and associated infrastructure following Outline Permission 17/01673/STOUTE as amended by 22/01591/STVARE(Appearance, Landscaping, Layout and Scale to be considered)","link":"https://www.planit.org.uk/planapplic/EastRiding/22/00301/STREME/","backup":false,"prime":false,"bess":false,"solar":false,"wind":false}},{"type":"Feature","geometry":{"type":"Point","coordinates":[-0.216564,53.743232]},"properties":{"site_id":"EastRiding/24/40093/NONMAT","area":"East Riding","state":"Permitted","type":"Outline","n_apps":3,"year":2016,"agent":null,"description":"Outline planning application for development of the site for mixed use comprising a business park (B1a, B1b, B1c, B2, B8) and an education, training and research campus (incorporating outdoor building materials testing facility) and associated residential acco","link":"https://www.planit.org.uk/planapplic/EastRiding/17/01673/STOUTE/","backup":false,"prime":false,"bess":false,"solar":false,"wind":false}},{"type":"Feature","geometry":{"type":"Point","coordinates":[-1.632399,52.799203]},"properties":{"site_id":"EastStaffordshire/CU/14376/013","area":"East Staffordshire","state":"Permitted","type":"Amendment","n_apps":1,"year":2005,"agent":null,"description":"Change of use of part of fifth floor from telephone exchange (Use Class - Sui Generis) to data centre (Use Class - Sui Generis) with associated external alterations to the north and east elevations.","link":"https://www.planit.org.uk/planapplic/EastStaffordshire/CU/14376/013/","backup":false,"prime":false,"bess":false,"solar":false,"wind":false}},{"type":"Feature","geometry":{"type":"Point","coordinates":[1.734538,52.478982]},"properties":{"site_id":"EastSuffolk/DC/19/2451/FUL","area":"East Suffolk","state":"Permitted","type":"Full","n_apps":2,"year":2019,"agent":"WYG","description":"Change of use at Unit 1 Leyland Court, Barnards Way, to include installation of two fibre cabins, two generators, associated air conditioning equipment and air vents for use as a data centre","link":"https://www.planit.org.uk/planapplic/EastSuffolk/DC/19/2742/FUL/","backup":false,"prime":false,"bess":false,"solar":false,"wind":false}},{"type":"Feature","geometry":{"type":"Point","coordinates":[-3.409593,55.929103]},"properties":{"site_id":"Edinburgh/03/03204/FUL","area":"Edinburgh","state":"Permitted","type":"Full","n_apps":2,"year":2003,"agent":null,"description":"Installation of pallas galvanised steel security fencing 1.6m high around our entire land boundary / perimeter including angled support and razorwire tape at top and base to prevent unauthorised entry to site,this is due to current and ongoing problems with a ","link":"https://www.planit.org.uk/planapplic/Edinburgh/06/01578/FUL/","backup":false,"prime":false,"bess":false,"solar":false,"wind":false}},{"type":"Feature","geometry":{"type":"Point","coordinates":[-3.242592,55.912184]},"properties":{"site_id":"Edinburgh/06/03587/LBC","area":"Edinburgh","state":"Permitted","type":"Full","n_apps":2,"year":2006,"agent":null,"description":"To convert internal of building to communications data centre, this requires external plant - air conditioning and emergency generator","link":"https://www.planit.org.uk/planapplic/Edinburgh/06/03587/FUL/","backup":false,"prime":false,"bess":false,"solar":false,"wind":false}},{"type":"Feature","geometry":{"type":"Point","coordinates":[-3.08654,55.894314]},"properties":{"site_id":"Edinburgh/07/00497/MLC","area":"Midlothian","state":"Conditions","type":"Full","n_apps":2,"year":2007,"agent":null,"description":"Extension to existing data centre and erection of associated substations and refuse and oil storage enclosures with associated landscaping","link":"https://www.planit.org.uk/planapplic/Midlothian/07/00051/FUL/","backup":false,"prime":false,"bess":false,"solar":false,"wind":false}},{"type":"Feature","geometry":{"type":"Point","coordinates":[-3.293132,55.929976]},"properties":{"site_id":"Edinburgh/11/02279/FUL","area":"Edinburgh","state":"Permitted","type":"Full","n_apps":1,"year":2011,"agent":null,"description":"External alterations to form new doors and services openings, and internal alterations to existing data centre building. Installation of new external plant within extended existing plant compound.","link":"https://www.planit.org.uk/planapplic/Edinburgh/11/02279/FUL/","backup":false,"prime":false,"bess":false,"solar":false,"wind":false}},{"type":"Feature","geometry":{"type":"Point","coordinates":[-3.250446,55.92507]},"properties":{"site_id":"Edinburgh/18/04512/FUL","area":"Edinburgh","state":"Permitted","type":"Full","n_apps":2,"year":2018,"agent":null,"description":"Proposed erection of 2 no. data centre cabins (Class 6), generator/enclosure, meter/enclosure, 12 no. air conditioning units, (6no. air conditioning units on each cabin) substation and compound enclosure with associated access on land adjacent to The Risk Fact","link":"https://www.planit.org.uk/planapplic/Edinburgh/18/10532/FUL/","backup":false,"prime":false,"bess":false,"solar":false,"wind":false}},{"type":"Feature","geometry":{"type":"Point","coordinates":[-3.334813,55.916493]},"properties":{"site_id":"Edinburgh/25/03978/PAN","area":"Edinburgh","state":"Permitted","type":"Outline","n_apps":3,"year":2025,"agent":null,"description":"Request for EIA Screening Opinion. Proposed construction of a data centre campus.","link":"https://www.planit.org.uk/planapplic/Edinburgh/25/05576/SCR/","backup":false,"prime":false,"bess":false,"solar":false,"wind":false}},{"type":"Feature","geometry":{"type":"Point","coordinates":[-3.308468,55.932402]},"properties":{"site_id":"Edinburgh/25/04239/PPP","area":"Edinburgh","state":"Undecided","type":"Outline","n_apps":2,"year":2025,"agent":null,"description":"Planning permission in principle for erection of a Green Data Centre with associated infrastructure, landscaping, servicing, car and cycle parking; formation of public park with sports facilities; and formation of active travel routes; full approval for the si","link":"https://www.planit.org.uk/planapplic/Edinburgh/25/04239/PPP/","backup":false,"prime":false,"bess":false,"solar":false,"wind":false}},{"type":"Feature","geometry":{"type":"Point","coordinates":[-0.463497,51.370406]},"properties":{"site_id":"Elmbridge/2003/0929","area":"Elmbridge","state":"Permitted","type":"Full","n_apps":1,"year":2003,"agent":null,"description":"Partial change of use of data centre to ancillary offices, alterations to elevational appearance, provision of a new goods only external equipment hoist, provision of a sub station and siting of a cooling condenser","link":"https://www.planit.org.uk/planapplic/Elmbridge/2003/0929/","backup":false,"prime":false,"bess":false,"solar":false,"wind":false}},{"type":"Feature","geometry":{"type":"Point","coordinates":[-0.105254,51.666086]},"properties":{"site_id":"Enfield/15/03516/FUL","area":"Enfield","state":"Conditions","type":"Full","n_apps":1,"year":2015,"agent":"QMP LIMITED","description":"Erection of a detached single storey modular data centre adjacent to the existing multi storey car park, with external wall mounted air conditioning units to north east elevation. 07770960998","link":"https://www.planit.org.uk/planapplic/Enfield/15/03516/FUL/","backup":false,"prime":false,"bess":false,"solar":false,"wind":false}},{"type":"Feature","geometry":{"type":"Point","coordinates":[0.08892,51.644907]},"properties":{"site_id":"EppingForest/EPF/0404/26","area":"Epping Forest","state":"Conditions","type":"Full","n_apps":12,"year":2007,"agent":null,"description":"Erection of Data Centre Building, associated parking, landscaping and substation.","link":"https://www.planit.org.uk/planapplic/EppingForest/EPF/1716/13/","backup":false,"prime":false,"bess":false,"solar":false,"wind":false}},{"type":"Feature","geometry":{"type":"Point","coordinates":[0.155013,51.714874]},"properties":{"site_id":"EppingForest/EPF/0849/25","area":"Epping Forest","state":"Undecided","type":"Outline","n_apps":1,"year":2025,"agent":null,"description":"Outline planning application, with all matters reserved except access, for the demolition of the existing gate security and fire station buildings and redevelopment of the Site to deliver a data centre campus, with up to 2 no. data centre buildings and separat","link":"https://www.planit.org.uk/planapplic/EppingForest/EPF/0849/25/","backup":false,"prime":false,"bess":false,"solar":false,"wind":false}},{"type":"Feature","geometry":{"type":"Point","coordinates":[0.086314,51.645744]},"properties":{"site_id":"EppingForest/EPF/2433/11","area":"Epping Forest","state":"Withdrawn","type":"Outline","n_apps":3,"year":2008,"agent":null,"description":"Application to extend the period of time for commencement of planning permission granted under reference EPF/1884/08 (Reserved matters application for proposed Data Centre. (Mixed B1/ B8) - Details of access, appearance, layout and scale)","link":"https://www.planit.org.uk/planapplic/EppingForest/EPF/2433/11/","backup":false,"prime":false,"bess":false,"solar":false,"wind":false}},{"type":"Feature","geometry":{"type":"Point","coordinates":[-3.534332,50.737971]},"properties":{"site_id":"Exeter/15/0607/FUL","area":"Exeter","state":"Permitted","type":"Full","n_apps":1,"year":2015,"agent":"Faithful+Gould","description":"The provision of a new modular GRP electrical substation building to support the existing Laver Building Data Centre","link":"https://www.planit.org.uk/planapplic/Exeter/15/0607/FUL/","backup":false,"prime":false,"bess":false,"solar":false,"wind":false}},{"type":"Feature","geometry":{"type":"Point","coordinates":[-3.843846,56.03204]},"properties":{"site_id":"Falkirk/P/26/0237/FUL","area":"Falkirk","state":"Undecided","type":"Full","n_apps":1,"year":2026,"agent":"AAH Planning Consultants","description":"Construction of an AI Data Centre with 300MW Demand Utility Capacity and Car Parking, Landscaping, Roads, Access and Associated Works","link":"https://www.planit.org.uk/planapplic/Falkirk/P/26/0237/FUL/","backup":false,"prime":false,"bess":false,"solar":false,"wind":false}},{"type":"Feature","geometry":{"type":"Point","coordinates":[-1.242146,50.857172]},"properties":{"site_id":"Fareham/P/03/1561/CU","area":"Fareham","state":"Permitted","type":"Amendment","n_apps":1,"year":2003,"agent":null,"description":"Change Of Use From B1/B8 To Data Centre (Sui Generis)","link":"https://www.planit.org.uk/planapplic/Fareham/P/03/1561/CU/","backup":false,"prime":false,"bess":false,"solar":false,"wind":false}},{"type":"Feature","geometry":{"type":"Point","coordinates":[-1.246223,50.867827]},"properties":{"site_id":"Fareham/P/11/0311/MA/A","area":"Fareham","state":"Permitted","type":"Full","n_apps":5,"year":2008,"agent":null,"description":"Change Of Use Of Premises To A Data Centre (Sui Generis), Alter External Appearance Of Building And Install Associated Plant And Service Bridge, Revised Parking Provision, Security Screen And Fencing And Vehicular Gate And Barrier","link":"https://www.planit.org.uk/planapplic/Fareham/P/11/0311/FP/","backup":false,"prime":false,"bess":false,"solar":false,"wind":false}},{"type":"Feature","geometry":{"type":"Point","coordinates":[-3.160356,56.199671]},"properties":{"site_id":"Fife/17/02546/FULL","area":"Fife","state":"Conditions","type":"Full","n_apps":3,"year":2015,"agent":null,"description":"Erection of data centre building with access, drainage, landscaping and associated works.","link":"https://www.planit.org.uk/planapplic/Fife/17/02546/FULL/","backup":false,"prime":false,"bess":false,"solar":false,"wind":false}},{"type":"Feature","geometry":{"type":"Point","coordinates":[-3.270437,56.105896]},"properties":{"site_id":"Fife/25/03079/SCR","area":"Fife","state":"Undecided","type":"Outline","n_apps":3,"year":2025,"agent":"LoganPM","description":"Planning permission in principle for a data centre campus (Class 6) comprising data hall buildings, gatehouses and associated infrastructure including electricity substations, fencing, plant and machinery, access roads, paths, parking, drainage and landscaping","link":"https://www.planit.org.uk/planapplic/Fife/26/01243/PPP/","backup":false,"prime":false,"bess":false,"solar":false,"wind":false}},{"type":"Feature","geometry":{"type":"Point","coordinates":[-2.891564,56.362835]},"properties":{"site_id":"Fife/25/03299/FULL","area":"Fife","state":"Conditions","type":"Full","n_apps":1,"year":2025,"agent":"Montagu Evans","description":"Erection of a digital infrastructure building, siting of plant, erection of boundary fencing, formation of hardstanding, and associated works","link":"https://www.planit.org.uk/planapplic/Fife/25/03299/FULL/","backup":false,"prime":false,"bess":false,"solar":false,"wind":false}},{"type":"Feature","geometry":{"type":"Point","coordinates":[-3.434434,56.050285]},"properties":{"site_id":"Fife/26/00336/PAN","area":"Fife","state":"Permitted","type":null,"n_apps":1,"year":2026,"agent":"Turley","description":"Proposal of Application Notice for the Demolition of existing buildings and redevelopment of the site for mixed use development (classes 4, 5, and 6 and sui generis) to provide commercial and industrial uses comprising warehousing, trade counters, (multi-let) ","link":"https://www.planit.org.uk/planapplic/Fife/26/00336/PAN/","backup":false,"prime":false,"bess":false,"solar":false,"wind":false}},{"type":"Feature","geometry":{"type":"Point","coordinates":[-2.928276,53.192407]},"properties":{"site_id":"Flintshire/044296","area":"Flintshire","state":"Permitted","type":"Full","n_apps":1,"year":2007,"agent":null,"description":"Erection of a single storey data centre","link":"https://www.planit.org.uk/planapplic/Flintshire/044296/","backup":false,"prime":false,"bess":false,"solar":false,"wind":false}},{"type":"Feature","geometry":{"type":"Point","coordinates":[-3.041114,53.778442]},"properties":{"site_id":"Fylde/25/0646","area":"Fylde","state":"Conditions","type":"Outline","n_apps":1,"year":2025,"agent":null,"description":"OUTLINE APPLICATION FOR CONSTRUCTION OF A MIXED USE TECHNOLOGY EXEMPLAR BUILDING WITH A GROSS INTERNAL FLOOR SPACE OF UP TO 3164 SQUARE METRES INCORPORATING A DATA CENTRE (USE CLASS B8), RESEARCH AND DEVELOPMENT (USE CLASS E(G)(II) AND OFFICE (USE CLASS E(G)(I","link":"https://www.planit.org.uk/planapplic/Fylde/25/0646/","backup":false,"prime":false,"bess":false,"solar":false,"wind":false}},{"type":"Feature","geometry":{"type":"Point","coordinates":[-1.552249,54.95174]},"properties":{"site_id":"Gateshead/DC/12/00924/FUL","area":"Gateshead","state":"Permitted","type":"Full","n_apps":1,"year":2012,"agent":"George F White LLP","description":"Proposed erection of single storey data centre (amended 24/09/12 & 23/10/12).","link":"https://www.planit.org.uk/planapplic/Gateshead/DC/12/00924/FUL/","backup":false,"prime":false,"bess":false,"solar":false,"wind":false}},{"type":"Feature","geometry":{"type":"Point","coordinates":[-1.58088,54.962862]},"properties":{"site_id":"Gateshead/DC/20/00462/COU","area":"Gateshead","state":"Permitted","type":"Amendment","n_apps":1,"year":2020,"agent":"WFS Telecom Ltd.","description":"Change of use of industrial unit with external building modifications and ancillary works to data centre (additional information received 12.08.2020)","link":"https://www.planit.org.uk/planapplic/Gateshead/DC/20/00462/COU/","backup":false,"prime":false,"bess":false,"solar":false,"wind":false}},{"type":"Feature","geometry":{"type":"Point","coordinates":[-3.444429,51.415084]},"properties":{"site_id":"Glamorgan/2022/00038/SC1","area":"Glamorgan","state":"Permitted","type":"Full","n_apps":7,"year":2022,"agent":null,"description":"Demolition of existing buildings/structures and erection of a Class B8 data centre with all associated back-up generators, plant, equipment, sub-stations, accesses, parking and servicing areas, drainage and engineering works including services diversion/connec","link":"https://www.planit.org.uk/planapplic/Glamorgan/2023/00780/FUL/","backup":false,"prime":false,"bess":false,"solar":false,"wind":false}},{"type":"Feature","geometry":{"type":"Point","coordinates":[-3.540337,51.493876]},"properties":{"site_id":"Glamorgan/2025/00528/OBS","area":"Bridgend","state":"Permitted","type":"Outline","n_apps":3,"year":2024,"agent":null,"description":"Request for scoping opinion for proposed data centre campus","link":"https://www.planit.org.uk/planapplic/Bridgend/P/24/471/ESO/","backup":false,"prime":false,"bess":false,"solar":false,"wind":false}},{"type":"Feature","geometry":{"type":"Point","coordinates":[-4.289848,55.873135]},"properties":{"site_id":"Glasgow/17/00805/DC","area":"Glasgow","state":"Conditions","type":"Full","n_apps":1,"year":2017,"agent":null,"description":"Erection of two storey data centre with external plant, to include alterations to landscaping and associated works","link":"https://www.planit.org.uk/planapplic/Glasgow/17/00805/DC/","backup":false,"prime":false,"bess":false,"solar":false,"wind":false}},{"type":"Feature","geometry":{"type":"Point","coordinates":[-4.149683,55.865841]},"properties":{"site_id":"Glasgow/20/01033/FUL","area":"Glasgow","state":"Rejected","type":"Full","n_apps":1,"year":2020,"agent":null,"description":"Erection of 2no. data centre cabins (Class 6) with the installation of 12no. air conditioning units, 2no. generators and 1no. meter cabinet with associated access.","link":"https://www.planit.org.uk/planapplic/Glasgow/20/01033/FUL/","backup":false,"prime":false,"bess":false,"solar":false,"wind":false}},{"type":"Feature","geometry":{"type":"Point","coordinates":[-4.31346,55.861863]},"properties":{"site_id":"Glasgow/20/01057/FUL","area":"Glasgow","state":"Conditions","type":"Full","n_apps":1,"year":2020,"agent":null,"description":"Use of industrial unit as data centre (Class 6) and external alterations.","link":"https://www.planit.org.uk/planapplic/Glasgow/20/01057/FUL/","backup":false,"prime":false,"bess":false,"solar":false,"wind":false}},{"type":"Feature","geometry":{"type":"Point","coordinates":[-4.144483,55.864287]},"properties":{"site_id":"Glasgow/20/01547/FUL","area":"Glasgow","state":"Conditions","type":"Full","n_apps":1,"year":2020,"agent":null,"description":"Use of unit as data centre (Class 6) and external alterations including installation of mechanical air-conditioning vents.","link":"https://www.planit.org.uk/planapplic/Glasgow/20/01547/FUL/","backup":false,"prime":false,"bess":false,"solar":false,"wind":false}},{"type":"Feature","geometry":{"type":"Point","coordinates":[-4.373339,55.905283]},"properties":{"site_id":"Glasgow/20/02247/FUL","area":"Glasgow","state":"Conditions","type":"Full","n_apps":1,"year":2020,"agent":null,"description":"Use of vacant unit as data centre with external alterations","link":"https://www.planit.org.uk/planapplic/Glasgow/20/02247/FUL/","backup":false,"prime":false,"bess":false,"solar":false,"wind":false}},{"type":"Feature","geometry":{"type":"Point","coordinates":[-4.293933,55.871935]},"properties":{"site_id":"Glasgow/24/02285/NMV02","area":"Glasgow","state":"Conditions","type":"Outline","n_apps":19,"year":2016,"agent":null,"description":"Mixed-use University campus development including: (1) teaching and learning buildings (Class 10) (up to 65,000 sq m); (2) University research buildings (Class 4) (up to 17,000 sq m); (3) commercial research & development/offices (Class 4) (up to 18,000 sq m);","link":"https://www.planit.org.uk/planapplic/Glasgow/19/00363/PPP/","backup":false,"prime":false,"bess":false,"solar":false,"wind":false}},{"type":"Feature","geometry":{"type":"Point","coordinates":[-2.202535,51.864498]},"properties":{"site_id":"Gloucester/07/01153/FUL","area":"Gloucester","state":"Permitted","type":"Full","n_apps":1,"year":2007,"agent":null,"description":"Erection of a data centre building with associated plant, engineering works, internal access arrangements and landscaping (Amended Scheme)","link":"https://www.planit.org.uk/planapplic/Gloucester/07/01153/FUL/","backup":true,"prime":false,"bess":false,"solar":false,"wind":false}},{"type":"Feature","geometry":{"type":"Point","coordinates":[-2.265802,51.83804]},"properties":{"site_id":"Gloucester/20/00316/FUL","area":"Gloucester","state":"Permitted","type":"Full","n_apps":1,"year":2020,"agent":"Waldon Telecom","description":"Proposed change of use of building to B8 (storage and distribution) along with external modifications to the building to allow its use as a data centre.","link":"https://www.planit.org.uk/planapplic/Gloucester/20/00316/FUL/","backup":false,"prime":false,"bess":false,"solar":false,"wind":false}},{"type":"Feature","geometry":{"type":"Point","coordinates":[-0.638085,51.279915]},"properties":{"site_id":"Guildford/22/P/01534","area":"Guildford","state":"Permitted","type":"Full","n_apps":1,"year":2022,"agent":"FORM Design Group","description":"Siting of a Data Centre Module located in part of car park.","link":"https://www.planit.org.uk/planapplic/Guildford/22/P/01534/","backup":false,"prime":false,"bess":false,"solar":false,"wind":false}},{"type":"Feature","geometry":{"type":"Point","coordinates":[-0.022262,51.54752]},"properties":{"site_id":"Hackney/2013/3950","area":"Hackney","state":"Permitted","type":"Full","n_apps":4,"year":2013,"agent":null,"description":"Modification and changes of use to the International Broadcast Centre (IBC) (including retention of the Gantry on Waterden Road) to provide flexible business/studio floorspace (Class B1), data centre (Class B8), education space (Class D1); creation of new floo","link":"https://www.planit.org.uk/planapplic/Hackney/13/00534/FUM/","backup":false,"prime":false,"bess":false,"solar":false,"wind":false}},{"type":"Feature","geometry":{"type":"Point","coordinates":[-0.082915,51.523023]},"properties":{"site_id":"Hackney/2015/2375","area":"Hackney","state":"Permitted","type":"Amendment","n_apps":1,"year":2015,"agent":null,"description":"Existing use of the premises as a data centre.","link":"https://www.planit.org.uk/planapplic/Hackney/2015/2375/","backup":false,"prime":false,"bess":false,"solar":false,"wind":false}},{"type":"Feature","geometry":{"type":"Point","coordinates":[-2.694466,53.325775]},"properties":{"site_id":"Halton/08/00220/FUL","area":"Halton","state":"Permitted","type":"Full","n_apps":2,"year":2008,"agent":null,"description":"Application for a new planning permission to replace extant planning permission 08/00220/FUL, proposed two storey Data Centre extension at The Babbage Centre The Heath Heath Road South Runcorn Cheshire WA7 4QF","link":"https://www.planit.org.uk/planapplic/Halton/11/00067/FUL/","backup":false,"prime":false,"bess":false,"solar":false,"wind":false}},{"type":"Feature","geometry":{"type":"Point","coordinates":[-2.676839,53.345642]},"properties":{"site_id":"Halton/09/00032/FUL","area":"Halton","state":"Permitted","type":"Full","n_apps":1,"year":2009,"agent":null,"description":"Proposed extension to east of existing factory to provide additional warehouse space, provision of 2.4m high dark green paladin fencing with 2 No. sets of gates to front elevation, installation of 4 No. additional windows to first floor (facing Tudor Road) and","link":"https://www.planit.org.uk/planapplic/Halton/09/00032/FUL/","backup":false,"prime":false,"bess":false,"solar":false,"wind":false}},{"type":"Feature","geometry":{"type":"Point","coordinates":[-2.726547,53.363517]},"properties":{"site_id":"Halton/21/00626/FUL","area":"Halton","state":"Withdrawn","type":"Full","n_apps":1,"year":2021,"agent":"Cluttons LLP","description":"Proposed development consisting of two datacentre cabins (Use Class B8 - Storage and Distribution) together with the provision of two generators to the south-east and north-west elevations and ancillary development at","link":"https://www.planit.org.uk/planapplic/Halton/21/00626/FUL/","backup":false,"prime":false,"bess":false,"solar":false,"wind":false}},{"type":"Feature","geometry":{"type":"Point","coordinates":[-0.223383,51.51075]},"properties":{"site_id":"Hammersmith/2000/03125/FUL","area":"Hammersmith and Fulham","state":"Permitted","type":"Full","n_apps":1,"year":2000,"agent":null,"description":"Change of use of building from a distribution warehouse to a high-tech datacentre with: ancillary reception and office facilities; replacement of part of the existing loading yard to the rear (east side) with a fenced off plant compound housing generators, fue","link":"https://www.planit.org.uk/planapplic/Hammersmith/2000/03125/FUL/","backup":false,"prime":false,"bess":false,"solar":false,"wind":false}},{"type":"Feature","geometry":{"type":"Point","coordinates":[-0.408101,51.438251]},"properties":{"site_id":"Hammersmith/2023/02594/OBS","area":"Ealing","state":"Permitted","type":"Outline","n_apps":5,"year":2022,"agent":null,"description":"Proposal: Outline planning permission with the details of access, appearance, landscaping, layout and scale reserved for later determination. A demolition phase and phased redevelopment (each phase being an independent act of development) comprising data centr","link":"https://www.planit.org.uk/planapplic/Ealing/233930CONS/","backup":false,"prime":false,"bess":false,"solar":false,"wind":false}},{"type":"Feature","geometry":{"type":"Point","coordinates":[-0.11153,51.58997]},"properties":{"site_id":"Haringey/HGY/2024/2552","area":"Haringey","state":"Permitted","type":"Amendment","n_apps":1,"year":2025,"agent":null,"description":"Certificate of Lawfulness: Existing use for use of the property as B8 (Data Centre)","link":"https://www.planit.org.uk/planapplic/Haringey/HGY/2024/2552/","backup":false,"prime":false,"bess":false,"solar":false,"wind":false}},{"type":"Feature","geometry":{"type":"Point","coordinates":[0.068555,51.768978]},"properties":{"site_id":"Harlow/HW/EQ/12/20200","area":"Harlow","state":"Permitted","type":"Outline","n_apps":1,"year":2012,"agent":null,"description":"Proposed Change of Use of Part of the Site, Demolition of Part and Erection of New Buildings in Whole to Provide a Total of Approx. 28,750 SQ M of Accommodation for Use as a Data Centre with Ancillary Offices, Plant Rooms and Power Supply Sub Stations","link":"https://www.planit.org.uk/planapplic/Harlow/HW/EQ/12/20200/","backup":false,"prime":false,"bess":false,"solar":false,"wind":false}},{"type":"Feature","geometry":{"type":"Point","coordinates":[0.132287,51.771165]},"properties":{"site_id":"Harlow/HW/LDOC/25/00111","area":"Harlow","state":"Permitted","type":null,"n_apps":3,"year":2023,"agent":"Stantec (formerly Barton Wilmore)","description":"LDO Compliance Application - Data Centre Development at the Powerrapid Ltd Site, London Road North","link":"https://www.planit.org.uk/planapplic/Harlow/HW/LDOC/25/00366/","backup":true,"prime":false,"bess":false,"solar":false,"wind":false}},{"type":"Feature","geometry":{"type":"Point","coordinates":[0.130503,51.7693]},"properties":{"site_id":"Harlow/HW/PL/16/00243","area":"Harlow","state":"Unknown","type":null,"n_apps":5,"year":2016,"agent":"Savills","description":"Application seeks approval of the details for the proposed development of two data centres (KLON-04 (with minor amendments to KLON-03) and substation with ancillary office accommodation and associated site infrastructure and facilities, including internal acce","link":"https://www.planit.org.uk/planapplic/Harlow/HW/LDOC/25/00260/","backup":false,"prime":false,"bess":false,"solar":false,"wind":false}},{"type":"Feature","geometry":{"type":"Point","coordinates":[-0.797667,51.280055]},"properties":{"site_id":"Hart/19/00352/FUL","area":"Hart","state":"Permitted","type":"Full","n_apps":56,"year":2010,"agent":"Union4 Planning","description":"Erection of two storey data centre and plant enclosure on existing car park","link":"https://www.planit.org.uk/planapplic/Hart/22/01088/FUL/","backup":false,"prime":false,"bess":false,"solar":false,"wind":false}},{"type":"Feature","geometry":{"type":"Point","coordinates":[-1.214074,54.662067]},"properties":{"site_id":"Hartlepool/H/2021/0094","area":"Hartlepool","state":"Permitted","type":"Full","n_apps":1,"year":2021,"agent":null,"description":"Two containers, 10 air conditioning units and seperate generators and metre cabinet used as data centre (use Class B8) surrounded by 2.4m high mesh fence.","link":"https://www.planit.org.uk/planapplic/Hartlepool/H/2021/0094/","backup":false,"prime":false,"bess":false,"solar":false,"wind":false}},{"type":"Feature","geometry":{"type":"Point","coordinates":[0.564513,50.859554]},"properties":{"site_id":"Hastings/HS/FA/22/00241","area":"Hastings","state":"Permitted","type":"Full","n_apps":2,"year":2021,"agent":"Cluttons LLP","description":"Removal of condition 4 (soft landscaping) of Planning Permission HS/FA/21/00792 (Change of use and creation of two datacentre cabins (Use Class B8 - Storage and Distribution) with associated fencing and parking. Provision of two generators at the west, south a","link":"https://www.planit.org.uk/planapplic/Hastings/HS/FA/22/00241/","backup":false,"prime":false,"bess":false,"solar":false,"wind":false}},{"type":"Feature","geometry":{"type":"Point","coordinates":[-0.978004,50.851055]},"properties":{"site_id":"Havant/06/50018/026","area":"Havant","state":"Conditions","type":"Full","n_apps":1,"year":2006,"agent":"BSP Architects","description":"Formation of two storey data centre, disaster recovery office and ARC with associated car parking and access to Martin Road.","link":"https://www.planit.org.uk/planapplic/Havant/06/50018/026/","backup":false,"prime":false,"bess":false,"solar":false,"wind":false}},{"type":"Feature","geometry":{"type":"Point","coordinates":[0.166915,51.586403]},"properties":{"site_id":"Havering/P1251.23","area":"Havering","state":"Conditions","type":"Full","n_apps":3,"year":2023,"agent":null,"description":"Erection of a rear extension to the existing data centre to provide a goods lift and modular loading bay","link":"https://www.planit.org.uk/planapplic/Havering/P1169.25/","backup":false,"prime":false,"bess":false,"solar":false,"wind":false}},{"type":"Feature","geometry":{"type":"Point","coordinates":[-2.738076,52.223349]},"properties":{"site_id":"Hereford/N102380/CD","area":"Herefordshire","state":"Permitted","type":null,"n_apps":1,"year":2010,"agent":null,"description":"Proposed extension to provide colocation facilities.","link":"https://www.planit.org.uk/planapplic/Hereford/N102380/CD/","backup":false,"prime":false,"bess":false,"solar":false,"wind":false}},{"type":"Feature","geometry":{"type":"Point","coordinates":[-0.255405,51.660967]},"properties":{"site_id":"Hertsmere/20/1573/FUL","area":"Hertsmere","state":"Conditions","type":"Full","n_apps":1,"year":2020,"agent":"Turley","description":"Demolition of existing structures and construction of a data centre building (Use Class B8) (including ancillary offices), generators, substation and security structures. Alterations to access and creation of internal roads and car parking/service yards, and p","link":"https://www.planit.org.uk/planapplic/Hertsmere/20/1573/FUL/","backup":true,"prime":false,"bess":false,"solar":true,"wind":false}},{"type":"Feature","geometry":{"type":"Point","coordinates":[-0.21547,51.688189]},"properties":{"site_id":"Hertsmere/24/1152/OUTEI","area":"Hertsmere","state":"Conditions","type":"Outline","n_apps":5,"year":2024,"agent":"Stantec","description":"Outline planning permission with all matters reserved (access, appearance, landscaping, layout and scale) for phased development of Data Centre (Use Class B8) comprising of up to 187,000 sqm GEA. Development to include ancillary offices, internal and external ","link":"https://www.planit.org.uk/planapplic/Hertsmere/24/1152/OUTEI/","backup":false,"prime":false,"bess":true,"solar":true,"wind":true}},{"type":"Feature","geometry":{"type":"Point","coordinates":[-0.346673,51.657261]},"properties":{"site_id":"Hertsmere/25/1257/PPA","area":"Hertsmere","state":"Undecided","type":"Full","n_apps":2,"year":2025,"agent":"Savills","description":"Redevelopment and clearance of site to deliver data centre campus consisting of (a) free standing data centre buildings (b) energy, power, and water infrastructure (c) site access and internal roads (d) site security arrangements (e) hard and soft, green and b","link":"https://www.planit.org.uk/planapplic/Hertsmere/25/1781/FUL/","backup":true,"prime":false,"bess":false,"solar":true,"wind":false}},{"type":"Feature","geometry":{"type":"Point","coordinates":[-0.289531,51.722275]},"properties":{"site_id":"Hertsmere/25/1588/ADJ","area":"St Albans","state":"Undecided","type":"Full","n_apps":6,"year":2022,"agent":null,"description":"Outline application (access sought) for the demolition of existing buildings and the development of 7.57ha to provide flexible commercial/employment space falling within either Class B8 (Storage and Distribution) or a data centre and strategic landscaping","link":"https://www.planit.org.uk/planapplic/StAlbans/5/2022/2966/","backup":false,"prime":false,"bess":false,"solar":false,"wind":false}},{"type":"Feature","geometry":{"type":"Point","coordinates":[-4.174422,57.476014]},"properties":{"site_id":"Highland/19/02320/FUL","area":"Highland","state":"Permitted","type":"Full","n_apps":1,"year":2019,"agent":null,"description":"Siting of two data centre cabins, installation of 12 air conditioning units, two generators and meter cabinet, within fenced compound","link":"https://www.planit.org.uk/planapplic/Highland/19/02320/FUL/","backup":false,"prime":false,"bess":false,"solar":false,"wind":false}},{"type":"Feature","geometry":{"type":"Point","coordinates":[-3.219615,58.629519]},"properties":{"site_id":"Highland/20/01258/SCRE","area":"Highland","state":"Permitted","type":"Outline","n_apps":1,"year":2020,"agent":null,"description":"Request for EIA Screening Opinion - Development of data centre","link":"https://www.planit.org.uk/planapplic/Highland/20/01258/SCRE/","backup":false,"prime":false,"bess":false,"solar":false,"wind":false}},{"type":"Feature","geometry":{"type":"Point","coordinates":[-1.857059,53.276817]},"properties":{"site_id":"HighPeak/HPK/2004/1119","area":"High Peak","state":"Permitted","type":"Full","n_apps":1,"year":2004,"agent":null,"description":"Construction of new IT data Centre","link":"https://www.planit.org.uk/planapplic/HighPeak/HPK/2004/1119/","backup":false,"prime":false,"bess":false,"solar":false,"wind":false}},{"type":"Feature","geometry":{"type":"Point","coordinates":[-0.407003,51.501057]},"properties":{"site_id":"Hillingdon/1331/APP/2018/4218","area":"Hillingdon","state":"Undecided","type":"Full","n_apps":208,"year":2017,"agent":null,"description":"Details pursuant to the partial discharge of Condition 17 (Drainage Verification) in relation to Union Park 2 (UP2) and UP3 only as attached to planning permission ref. 75111/APP/2020/1955 dated 15-04-2021 (Site clearance and preparation, including the demolit","link":"https://www.planit.org.uk/planapplic/Hillingdon/75111/APP/2025/2525/","backup":false,"prime":false,"bess":false,"solar":false,"wind":false}},{"type":"Feature","geometry":{"type":"Point","coordinates":[-0.412672,51.498554]},"properties":{"site_id":"Hillingdon/1331/APP/2021/3450","area":"Hillingdon","state":"Permitted","type":"Full","n_apps":3,"year":2021,"agent":null,"description":"Details pursuant to the discharge of Condition 94 (Hard and Soft Landscaping, Industrial Land only) attached to planning permission ref. 1331/APP/2021/751 dated 10/11/2021 (Section 73 application seeking a variation to Condition 61 (Approved Drawings) of plann","link":"https://www.planit.org.uk/planapplic/Hillingdon/1331/APP/2021/3796/","backup":false,"prime":false,"bess":false,"solar":false,"wind":false}},{"type":"Feature","geometry":{"type":"Point","coordinates":[-0.445901,51.5037]},"properties":{"site_id":"Hillingdon/18399/APP/2023/2470","area":"Hillingdon","state":"Permitted","type":"Full","n_apps":13,"year":2022,"agent":null,"description":"Details pursuant to the discharge of Condition 7 (Landscape Scheme) as attached to planning permission reference 18399/APP/2025/16 dated 01-09-2025 (An application submitted under Section 73 of the Town and Country Planning Act 1990 to vary Conditions 2 (Appro","link":"https://www.planit.org.uk/planapplic/Hillingdon/18399/APP/2025/2323/","backup":false,"prime":false,"bess":false,"solar":false,"wind":false}},{"type":"Feature","geometry":{"type":"Point","coordinates":[-0.457664,51.512051]},"properties":{"site_id":"Hillingdon/37977/APP/2021/2571","area":"Hillingdon","state":"Withdrawn","type":"Full","n_apps":3,"year":2020,"agent":null,"description":"Details pursuant to Condition 34 (Noise) attached to planning permission reference 37977/APP/2018/1117 dated 19/10/2018 (Section 73 application for Removal of Condition 27 (Data Centre Use) and variation of Condition 6 (Approved documents) of planning permissi","link":"https://www.planit.org.uk/planapplic/Hillingdon/37977/APP/2022/1685/","backup":false,"prime":false,"bess":false,"solar":false,"wind":false}},{"type":"Feature","geometry":{"type":"Point","coordinates":[-0.451908,51.503899]},"properties":{"site_id":"Hillingdon/37977/APP/2023/1599","area":"Hillingdon","state":"Withdrawn","type":"Full","n_apps":1,"year":2023,"agent":null,"description":"Details pursuant to Condition 34 (Noise) attached to planning permission reference 37977/APP/2018/1117 dated 19/10/2018 (Section 73 application for Removal of Condition 27 (Data Centre Use) and variation of Condition 6 (Approved documents) of planning permissi","link":"https://www.planit.org.uk/planapplic/Hillingdon/37977/APP/2023/1599/","backup":false,"prime":false,"bess":false,"solar":false,"wind":false}},{"type":"Feature","geometry":{"type":"Point","coordinates":[-0.395012,51.509789]},"properties":{"site_id":"Hillingdon/38421/APP/2025/1315","area":"Hillingdon","state":"Permitted","type":"Full","n_apps":25,"year":2021,"agent":null,"description":"Details pursuant to the partial discharge of Conditions 25 (Standby Generator Testing), 33 (Back-Up Generator Fuel), 34 (Selective Catalytic Reduction), 35 (Testing Regime) and 36 (Emission Reduction Plan) in respect of Phase 1 only as attached to planning per","link":"https://www.planit.org.uk/planapplic/Hillingdon/38421/APP/2025/1019/","backup":false,"prime":false,"bess":false,"solar":false,"wind":false}},{"type":"Feature","geometry":{"type":"Point","coordinates":[-0.293313,51.055462]},"properties":{"site_id":"Horsham/DC/21/0288","area":"Horsham","state":"Permitted","type":"Full","n_apps":1,"year":2021,"agent":null,"description":"Siting of two containers for use as a data centre (Use Class B8) with 10x air conditioning units, separate generators and metre cabinet, and erection of 2.4 metre high enclosing fence.","link":"https://www.planit.org.uk/planapplic/Horsham/DC/21/0288/","backup":false,"prime":false,"bess":false,"solar":false,"wind":false}},{"type":"Feature","geometry":{"type":"Point","coordinates":[-0.408732,51.472928]},"properties":{"site_id":"Hounslow/P/2000/1607","area":"Hounslow","state":"Permitted","type":"Full","n_apps":2,"year":2000,"agent":null,"description":"FLEXIBLE USE OF THE WAREHOUSE FOR USE AS A DATA CENTRE WITH ANCILLARY PLANT TO THE REAR OF THE PREMISES.","link":"https://www.planit.org.uk/planapplic/Hounslow/P/2000/1607/","backup":false,"prime":false,"bess":false,"solar":false,"wind":false}},{"type":"Feature","geometry":{"type":"Point","coordinates":[-0.384238,51.451252]},"properties":{"site_id":"Hounslow/P/2007/2978","area":"Hounslow","state":"Permitted","type":"Full","n_apps":7,"year":2007,"agent":null,"description":"Change of use of part of the industrial/warehouse building, and extension of a mezzanine, to extend the existing data centre facilities within the building, together with extension to the western elevation of the building to house 3 generators, and the install","link":"https://www.planit.org.uk/planapplic/Hounslow/P/2007/1897/","backup":false,"prime":false,"bess":false,"solar":false,"wind":false}},{"type":"Feature","geometry":{"type":"Point","coordinates":[-0.409482,51.471296]},"properties":{"site_id":"Hounslow/P/2007/3926","area":"Hounslow","state":"Permitted","type":"Full","n_apps":1,"year":2007,"agent":null,"description":"Installation of three new satellite dishes and TV aerial to Block 1 of existing data centre.","link":"https://www.planit.org.uk/planapplic/Hounslow/P/2007/3926/","backup":false,"prime":false,"bess":false,"solar":false,"wind":false}},{"type":"Feature","geometry":{"type":"Point","coordinates":[-0.403088,51.496647]},"properties":{"site_id":"Hounslow/P/2014/0773","area":"Hounslow","state":"Permitted","type":"Full","n_apps":6,"year":2011,"agent":null,"description":"Erection of a 15,893 sq.m, three storey data centre warehouse with associated parking, single storey gatehouse, new access road, and access onto Hayes Road","link":"https://www.planit.org.uk/planapplic/Hounslow/P/2011/3272/","backup":false,"prime":false,"bess":false,"solar":false,"wind":false}},{"type":"Feature","geometry":{"type":"Point","coordinates":[-0.398346,51.497072]},"properties":{"site_id":"Hounslow/P/2014/3759","area":"Hounslow","state":"Permitted","type":"Amendment","n_apps":2,"year":2014,"agent":null,"description":"Non material amendment sought for additional condenser units to the west and south elevations following planning permission 01032/E/P35 dated 29/03/2012 for erection of a 15,893 sq.m, three storey data centre warehouse with associated parking, single storey ga","link":"https://www.planit.org.uk/planapplic/Hounslow/P/2014/3759/","backup":false,"prime":false,"bess":false,"solar":false,"wind":false}},{"type":"Feature","geometry":{"type":"Point","coordinates":[-0.454262,51.446647]},"properties":{"site_id":"Hounslow/P/2023/3209","area":"Hounslow","state":"Permitted","type":"Full","n_apps":2,"year":2019,"agent":null,"description":"Variation of Condition 2 (Approved Plans) for revised drawings for planning permission 01504/AF/P34 (P/2019/3115) dated 15/10/2019 for the erection of new gantry to accommodate additional external mechanical and electrical plant infrastructure to support 7.8MW","link":"https://www.planit.org.uk/planapplic/Hounslow/P/2023/3209/","backup":false,"prime":false,"bess":false,"solar":false,"wind":false}},{"type":"Feature","geometry":{"type":"Point","coordinates":[-0.365909,53.774243]},"properties":{"site_id":"Hull/17/01155/FULL","area":"Hull","state":"Permitted","type":"Full","n_apps":3,"year":2017,"agent":null,"description":"Single storey building ( 5.8m high ) to provide Data Centre with ancillary offices, plant, car parking and boundary treatment","link":"https://www.planit.org.uk/planapplic/Hull/17/01155/FULL/","backup":false,"prime":false,"bess":false,"solar":false,"wind":false}},{"type":"Feature","geometry":{"type":"Point","coordinates":[-0.189156,52.345677]},"properties":{"site_id":"Huntingdonshire/1300089FUL","area":"Huntingdonshire","state":"Permitted","type":"Full","n_apps":1,"year":2013,"agent":null,"description":"New data centre","link":"https://www.planit.org.uk/planapplic/Huntingdonshire/1300089FUL/","backup":false,"prime":false,"bess":false,"solar":false,"wind":false}},{"type":"Feature","geometry":{"type":"Point","coordinates":[-0.159652,52.316215]},"properties":{"site_id":"Huntingdonshire/23/00994/FUL","area":"Huntingdonshire","state":"Permitted","type":"Full","n_apps":1,"year":2023,"agent":"Murray Planning","description":"Internal and external alterations to existing building to facilitate use as a B8 data centre","link":"https://www.planit.org.uk/planapplic/Huntingdonshire/23/00994/FUL/","backup":false,"prime":false,"bess":false,"solar":false,"wind":false}},{"type":"Feature","geometry":{"type":"Point","coordinates":[1.192597,52.050616]},"properties":{"site_id":"Ipswich/15/00049/FUL","area":"Ipswich","state":"Conditions","type":"Full","n_apps":2,"year":2014,"agent":null,"description":"Erection of single storey sub-station and data centre (resubmission of IP/14/00839/FUL).","link":"https://www.planit.org.uk/planapplic/Ipswich/15/00049/FUL/","backup":false,"prime":false,"bess":false,"solar":false,"wind":false}},{"type":"Feature","geometry":{"type":"Point","coordinates":[1.141959,52.075093]},"properties":{"site_id":"Ipswich/19/00525/FUL","area":"Ipswich","state":"Conditions","type":"Full","n_apps":1,"year":2019,"agent":null,"description":"Siting of two containers, two generators and associated air conditioning equipment surrounded by 2.4m high mesh fencing for use as a data centre.","link":"https://www.planit.org.uk/planapplic/Ipswich/19/00525/FUL/","backup":false,"prime":false,"bess":false,"solar":false,"wind":false}},{"type":"Feature","geometry":{"type":"Point","coordinates":[1.169306,52.035254]},"properties":{"site_id":"Ipswich/20/00324/FUL","area":"Ipswich","state":"Conditions","type":"Full","n_apps":1,"year":2020,"agent":null,"description":"Siting of a meter cabinet and two containers for use as a data centre, together with associated air conditioning units plus two enclosures adjacent to each container housing generators on concrete bases. Erection of a 2.4m high mesh fence around the site.","link":"https://www.planit.org.uk/planapplic/Ipswich/20/00324/FUL/","backup":false,"prime":false,"bess":false,"solar":false,"wind":false}},{"type":"Feature","geometry":{"type":"Point","coordinates":[-0.100811,51.523575]},"properties":{"site_id":"Islington/P112148","area":"Islington","state":"Conditions","type":"Amendment","n_apps":1,"year":2011,"agent":null,"description":"Certificate of Lawfulness (Existing) for continued use of building as a data centre (B1 Use).","link":"https://www.planit.org.uk/planapplic/Islington/P112148/","backup":false,"prime":false,"bess":false,"solar":false,"wind":false}},{"type":"Feature","geometry":{"type":"Point","coordinates":[-0.096164,51.528175]},"properties":{"site_id":"Islington/P2014/4856/AOD","area":"Islington","state":"Conditions","type":"Full","n_apps":4,"year":2013,"agent":null,"description":"Hybrid planning application for demolition of existing buildings and comprehensive redevelopment comprising full planning permission for all elements (other than Block 9 submitted in outline with appearance reserved) for four blocks ranging from 7 to 9 storeys","link":"https://www.planit.org.uk/planapplic/Islington/P2013/1089/FUL/","backup":false,"prime":false,"bess":false,"solar":false,"wind":false}},{"type":"Feature","geometry":{"type":"Point","coordinates":[-0.091876,51.524886]},"properties":{"site_id":"Islington/P2021/1732/COLP","area":"Islington","state":"Conditions","type":"Full","n_apps":3,"year":2021,"agent":null,"description":"Proposed change of use of basement from Office (Class E) to Data Centre (Sui Generis), plus installation and adaptation of rooftop plant, plus all associated works and operations.","link":"https://www.planit.org.uk/planapplic/Islington/P2021/2555/FUL/","backup":false,"prime":false,"bess":false,"solar":false,"wind":false}},{"type":"Feature","geometry":{"type":"Point","coordinates":[-2.079897,49.179985]},"properties":{"site_id":"Jersey/P/2009/0714","area":"Jersey","state":"Permitted","type":"Full","n_apps":1,"year":2009,"agent":null,"description":"Change of use of ground floor of building 2 to data centre. Construct transformer building. Construct new site plant.","link":"https://www.planit.org.uk/planapplic/Jersey/P/2009/0714/","backup":false,"prime":false,"bess":false,"solar":false,"wind":false}},{"type":"Feature","geometry":{"type":"Point","coordinates":[-2.077834,49.182972]},"properties":{"site_id":"Jersey/P/2009/1956","area":"Jersey","state":"Permitted","type":"Full","n_apps":1,"year":2009,"agent":null,"description":"Change of use to data centre. Construct 2 No. single storey extensions to North-West elevation. Demolish toilet block to South-West elevation. Various material alterations to elevations. Existing car park to be used to accommodate generators and condenser unit","link":"https://www.planit.org.uk/planapplic/Jersey/P/2009/1956/","backup":false,"prime":false,"bess":false,"solar":false,"wind":false}},{"type":"Feature","geometry":{"type":"Point","coordinates":[-2.138474,49.234568]},"properties":{"site_id":"Jersey/PP/2013/0514","area":"Jersey","state":"Withdrawn","type":"Full","n_apps":2,"year":2013,"agent":null,"description":"OUTLINE PLANNING: Demolish existing glasshouses, associated structures and residential unit. Establishment of server farm and I.T. hub.","link":"https://www.planit.org.uk/planapplic/Jersey/PP/2013/0514/","backup":false,"prime":false,"bess":false,"solar":false,"wind":false}},{"type":"Feature","geometry":{"type":"Point","coordinates":[-0.731463,52.410355]},"properties":{"site_id":"Kettering/NK/2021/0690","area":"Kettering","state":"Permitted","type":"Full","n_apps":1,"year":2021,"agent":null,"description":"Change of use and creation of two datacentre cabins (Use Class B8 – Storage and Distribution) with associated fencing and access and provision of two generators at the north and south elevations","link":"https://www.planit.org.uk/planapplic/Kettering/NK/2021/0690/","backup":false,"prime":false,"bess":false,"solar":false,"wind":false}},{"type":"Feature","geometry":{"type":"Point","coordinates":[-0.661974,52.364399]},"properties":{"site_id":"Kettering/NK/2025/0167","area":"Kettering","state":"Unknown","type":"Outline","n_apps":1,"year":2025,"agent":null,"description":"Hybrid planning permission for the development of an Energy Park. Outline application relating to additional energy infrastructure (including battery storage, ground mounted solar pv and other infrastructure potentially including hydrogen generation and/or sto","link":"https://www.planit.org.uk/planapplic/Kettering/NK/2025/0167/","backup":false,"prime":false,"bess":false,"solar":false,"wind":false}},{"type":"Feature","geometry":{"type":"Point","coordinates":[-0.290879,51.36815]},"properties":{"site_id":"Kingston/12/10034/EXT","area":"Kingston","state":"Permitted","type":"Full","n_apps":4,"year":2008,"agent":null,"description":"Demolition of car parking deck. Erection of mezzanine floor to warehouse and use of building as a Data Centre. Installation of louvres to side elevations and other elevational alterations. Erection of external plant area with 5m high acoustic screen in place o","link":"https://www.planit.org.uk/planapplic/Kingston/08/10204/FUL/","backup":false,"prime":false,"bess":false,"solar":false,"wind":false}},{"type":"Feature","geometry":{"type":"Point","coordinates":[-1.648459,53.742004]},"properties":{"site_id":"Kirklees/2012/91062","area":"Kirklees","state":"Permitted","type":"Full","n_apps":2,"year":2011,"agent":null,"description":"Erection of 4 new data centre buildings","link":"https://www.planit.org.uk/planapplic/Kirklees/2011/92112/","backup":false,"prime":false,"bess":false,"solar":false,"wind":false}},{"type":"Feature","geometry":{"type":"Point","coordinates":[-1.814777,53.638844]},"properties":{"site_id":"Kirklees/2018/92424","area":"Kirklees","state":"Conditions","type":"Full","n_apps":2,"year":2018,"agent":null,"description":"Erection of data centre, installation of air conditioning units, generator and fencing","link":"https://www.planit.org.uk/planapplic/Kirklees/2018/92424/","backup":false,"prime":false,"bess":false,"solar":false,"wind":false}},{"type":"Feature","geometry":{"type":"Point","coordinates":[-1.579527,53.803092]},"properties":{"site_id":"Leeds/10/00703/FU","area":"Leeds","state":"Permitted","type":"Full","n_apps":1,"year":2010,"agent":"Burr Design Associates Ltd","description":"Change of use and external alterations to existing commercial units, and two generator units, air conditioning units, transformer and electricity sub station to front to form data centre.","link":"https://www.planit.org.uk/planapplic/Leeds/10/00703/FU/","backup":false,"prime":false,"bess":false,"solar":false,"wind":false}},{"type":"Feature","geometry":{"type":"Point","coordinates":[-1.562585,53.795553]},"properties":{"site_id":"Leeds/10/05497/FU","area":"Leeds","state":"Permitted","type":"Full","n_apps":1,"year":2011,"agent":null,"description":"Alterations including new roof and parapet details, two detached generator housings, new boundary treatments, new air condenser and extraction units to Internet data centre","link":"https://www.planit.org.uk/planapplic/Leeds/10/05497/FU/","backup":false,"prime":false,"bess":false,"solar":false,"wind":false}},{"type":"Feature","geometry":{"type":"Point","coordinates":[-1.544141,53.785625]},"properties":{"site_id":"Leeds/11/05415/LA","area":"Leeds","state":"Permitted","type":"Full","n_apps":4,"year":2011,"agent":null,"description":"Change of use of offices to data centre including communication mast to roof, palisade fencing to part of external boundary and green wall cladding to all elevations of building","link":"https://www.planit.org.uk/planapplic/Leeds/13/04880/FU/","backup":true,"prime":false,"bess":false,"solar":false,"wind":false}},{"type":"Feature","geometry":{"type":"Point","coordinates":[-1.573821,53.783307]},"properties":{"site_id":"Leeds/12/03603/FU","area":"Leeds","state":"Permitted","type":"Full","n_apps":1,"year":2012,"agent":null,"description":"Formation of an external security enclosure to house power plant compound to support the data centre, erection of 3.0m security fencing and relocation of the existing car park turning head","link":"https://www.planit.org.uk/planapplic/Leeds/12/03603/FU/","backup":false,"prime":false,"bess":false,"solar":false,"wind":false}},{"type":"Feature","geometry":{"type":"Point","coordinates":[-1.536541,53.790782]},"properties":{"site_id":"Leeds/12/03975/FU","area":"Leeds","state":"Permitted","type":"Full","n_apps":1,"year":2012,"agent":null,"description":"6 storey data centre with car parking","link":"https://www.planit.org.uk/planapplic/Leeds/12/03975/FU/","backup":false,"prime":false,"bess":false,"solar":true,"wind":false}},{"type":"Feature","geometry":{"type":"Point","coordinates":[-1.682769,53.808173]},"properties":{"site_id":"Leeds/17/02705/FU","area":"Leeds","state":"Permitted","type":"Full","n_apps":1,"year":2017,"agent":null,"description":"Alterations involving replacement generator and attenuator to bank data centre","link":"https://www.planit.org.uk/planapplic/Leeds/17/02705/FU/","backup":false,"prime":false,"bess":false,"solar":false,"wind":false}},{"type":"Feature","geometry":{"type":"Point","coordinates":[-1.544068,53.768601]},"properties":{"site_id":"Leeds/18/05279/FU","area":"Leeds","state":"Permitted","type":"Full","n_apps":1,"year":2018,"agent":null,"description":"Use of building as data centre including installation of six air conditioning units","link":"https://www.planit.org.uk/planapplic/Leeds/18/05279/FU/","backup":false,"prime":false,"bess":false,"solar":false,"wind":false}},{"type":"Feature","geometry":{"type":"Point","coordinates":[-1.657371,53.803537]},"properties":{"site_id":"Leeds/18/05319/FU","area":"Leeds","state":"Permitted","type":"Full","n_apps":1,"year":2018,"agent":null,"description":"Use of land for the provision of a data centre (use class B8) together with the installation of six air conditioning units; one generator contained within an outdoor compound and fencing","link":"https://www.planit.org.uk/planapplic/Leeds/18/05319/FU/","backup":false,"prime":false,"bess":false,"solar":false,"wind":false}},{"type":"Feature","geometry":{"type":"Point","coordinates":[-1.502434,53.800954]},"properties":{"site_id":"Leeds/18/05391/FU","area":"Leeds","state":"Permitted","type":"Full","n_apps":1,"year":2018,"agent":null,"description":"Provision of a data centre (use class B8) together with the installation of six air conditioning units and one generator contained within an outdoor compound.","link":"https://www.planit.org.uk/planapplic/Leeds/18/05391/FU/","backup":false,"prime":false,"bess":false,"solar":false,"wind":false}},{"type":"Feature","geometry":{"type":"Point","coordinates":[-1.52678,53.797583]},"properties":{"site_id":"Leeds/18/05861/FU","area":"Leeds","state":"Withdrawn","type":"Full","n_apps":1,"year":2018,"agent":null,"description":"Provision of a data centre together with the installation of six air conditioning units, one generator and fencing","link":"https://www.planit.org.uk/planapplic/Leeds/18/05861/FU/","backup":false,"prime":false,"bess":false,"solar":false,"wind":false}},{"type":"Feature","geometry":{"type":"Point","coordinates":[-1.555664,53.857167]},"properties":{"site_id":"Leeds/18/07153/FU","area":"Leeds","state":"Withdrawn","type":"Full","n_apps":1,"year":2018,"agent":null,"description":"Change of use of land including erection of a data centre (B8 planning use class) including installation of six air conditioning units and one generator","link":"https://www.planit.org.uk/planapplic/Leeds/18/07153/FU/","backup":false,"prime":false,"bess":false,"solar":false,"wind":false}},{"type":"Feature","geometry":{"type":"Point","coordinates":[-1.596443,53.742804]},"properties":{"site_id":"Leeds/19/00165/FU","area":"Leeds","state":"Permitted","type":"Full","n_apps":1,"year":2019,"agent":null,"description":"Alterations involving installation of six air conditioning units, replacement vent cover, installation of an additional vent, 2 removable bollards and erection of a 3 and 3.5m acoustic fence and 3m high palisade fence associated with the proposed use of the ex","link":"https://www.planit.org.uk/planapplic/Leeds/19/00165/FU/","backup":false,"prime":false,"bess":false,"solar":false,"wind":false}},{"type":"Feature","geometry":{"type":"Point","coordinates":[-1.554993,53.84877]},"properties":{"site_id":"Leeds/19/04564/FU","area":"Leeds","state":"Permitted","type":"Full","n_apps":1,"year":2019,"agent":null,"description":"Data centre with 12 air conditioning units and two generators within an outdoor compound","link":"https://www.planit.org.uk/planapplic/Leeds/19/04564/FU/","backup":false,"prime":false,"bess":false,"solar":false,"wind":false}},{"type":"Feature","geometry":{"type":"Point","coordinates":[-1.582967,53.779267]},"properties":{"site_id":"Leeds/21/120/01/FU","area":"Leeds","state":"Permitted","type":"Full","n_apps":1,"year":2001,"agent":null,"description":"Change of use and first floor extension of processing centre to data centre","link":"https://www.planit.org.uk/planapplic/Leeds/21/120/01/FU/","backup":false,"prime":false,"bess":false,"solar":false,"wind":false}},{"type":"Feature","geometry":{"type":"Point","coordinates":[-1.527589,53.78503]},"properties":{"site_id":"Leeds/21/294/01/FU","area":"Leeds","state":"Permitted","type":"Full","n_apps":1,"year":2001,"agent":null,"description":"Extension to offices alterations to frontage and detached chiller and rotary units to data centre","link":"https://www.planit.org.uk/planapplic/Leeds/21/294/01/FU/","backup":false,"prime":false,"bess":false,"solar":false,"wind":false}},{"type":"Feature","geometry":{"type":"Point","coordinates":[-1.496128,53.773559]},"properties":{"site_id":"Leeds/24/03872/CLP","area":"Leeds","state":"Undecided","type":"Full","n_apps":2,"year":2024,"agent":null,"description":"Hybrid planning application for a phased development seeking full planning permission for development of a data centre campus (Use Class B8), with associated energy, power and water infrastructure, site access and internal roads, site security arrangements, ha","link":"https://www.planit.org.uk/planapplic/Leeds/25/06139/FU/","backup":true,"prime":false,"bess":true,"solar":true,"wind":false}},{"type":"Feature","geometry":{"type":"Point","coordinates":[-1.126782,52.627012]},"properties":{"site_id":"Leicester/20251225","area":"Leicester","state":"Permitted","type":"Amendment","n_apps":1,"year":2025,"agent":null,"description":"Certificate of lawful existing use of building as a data centre (Class B8)","link":"https://www.planit.org.uk/planapplic/Leicester/20251225/","backup":false,"prime":false,"bess":false,"solar":false,"wind":false}},{"type":"Feature","geometry":{"type":"Point","coordinates":[-0.013727,51.460335]},"properties":{"site_id":"Lewisham/DC/14/086957","area":"Lewisham","state":"Permitted","type":"Full","n_apps":6,"year":2010,"agent":"GMW Architects","description":"The installation of a Combined Heat and Power System (CHP) sited to the north of Riverdale Data Centre, Molesworth Street SE13.","link":"https://www.planit.org.uk/planapplic/Lewisham/DC/10/75320/X/","backup":false,"prime":false,"bess":false,"solar":false,"wind":false}},{"type":"Feature","geometry":{"type":"Point","coordinates":[-2.968009,53.406002]},"properties":{"site_id":"Liverpool/PL/INV/1439/16","area":"Liverpool","state":"Conditions","type":"Full","n_apps":4,"year":2015,"agent":null,"description":"To erect two storey data centre with associated boundary treatments and landscaping works.","link":"https://www.planit.org.uk/planapplic/Liverpool/16F/1300/","backup":false,"prime":false,"bess":false,"solar":false,"wind":false}},{"type":"Feature","geometry":{"type":"Point","coordinates":[-2.844995,53.348481]},"properties":{"site_id":"Liverpool/PL/INV/2965/12","area":"Liverpool","state":"Withdrawn","type":"Amendment","n_apps":1,"year":2012,"agent":null,"description":"Application for lawful development certificate for existing IT data centre and additional fire exit door","link":"https://www.planit.org.uk/planapplic/Liverpool/PL/INV/2965/12/","backup":false,"prime":false,"bess":false,"solar":false,"wind":false}},{"type":"Feature","geometry":{"type":"Point","coordinates":[-0.405249,51.878219]},"properties":{"site_id":"Luton/17/01689/FUL","area":"Luton","state":"Permitted","type":"Full","n_apps":1,"year":2017,"agent":"CHQ Architects","description":"Construction of new Data Centre together with standalone generators, transformers and 2000mm high palisade fence and associated external works after demolition of existing building","link":"https://www.planit.org.uk/planapplic/Luton/17/01689/FUL/","backup":false,"prime":false,"bess":false,"solar":false,"wind":false}},{"type":"Feature","geometry":{"type":"Point","coordinates":[-0.480867,51.900647]},"properties":{"site_id":"Luton/21/00952/FUL","area":"Luton","state":"Withdrawn","type":"Full","n_apps":1,"year":2021,"agent":null,"description":"Conversion and change of use from artificial football pitch (Class D2) to two datacentre cabins (Use Class B8 - Storage and Distribution) with associated fencing and access and provision of two generators at the north and south elevations.","link":"https://www.planit.org.uk/planapplic/Luton/21/00952/FUL/","backup":false,"prime":false,"bess":false,"solar":false,"wind":false}},{"type":"Feature","geometry":{"type":"Point","coordinates":[-2.22551,53.518762]},"properties":{"site_id":"Manchester/093562/FO/2010/N1","area":"Manchester","state":"Permitted","type":"Full","n_apps":1,"year":2010,"agent":"The DMWR Partnership","description":"Erection of single storey data centre together with generator building, sub-station and associated external works.","link":"https://www.planit.org.uk/planapplic/Manchester/093562/FO/2010/N1/","backup":false,"prime":false,"bess":false,"solar":false,"wind":false}},{"type":"Feature","geometry":{"type":"Point","coordinates":[-2.258622,53.37895]},"properties":{"site_id":"Manchester/132638/FO/2022","area":"Manchester","state":"Permitted","type":"Full","n_apps":2,"year":2022,"agent":"Union 4 Planning","description":"Erection of a two-storey data centre (4153m² GIA), together with the reconfiguration of access arrangements and parking layout, landscaping and associated works, following the demolition of Simon House","link":"https://www.planit.org.uk/planapplic/Manchester/137424/FO/2023/","backup":false,"prime":false,"bess":false,"solar":false,"wind":false}},{"type":"Feature","geometry":{"type":"Point","coordinates":[-2.187628,53.471844]},"properties":{"site_id":"Manchester/PLA-2026-000160","area":"Manchester","state":"Permitted","type":"Full","n_apps":1,"year":2026,"agent":null,"description":"Construction and operation of a modular data centre.","link":"https://www.planit.org.uk/planapplic/Manchester/PLA-2026-000160/","backup":false,"prime":false,"bess":false,"solar":false,"wind":false}},{"type":"Feature","geometry":{"type":"Point","coordinates":[0.598379,51.418587]},"properties":{"site_id":"Medway/MC/24/2229","area":"Medway","state":"Conditions","type":"Amendment","n_apps":1,"year":2024,"agent":"Stantec","description":"Non-Material Amendment to Outline planning permission ref. MC/21/0979 to increase the amount of B8 (data centre) floorspace within the approved development parameters whilst retaining the overall maximum built floorspace amount and; changes to the Parameter pl","link":"https://www.planit.org.uk/planapplic/Medway/MC/24/2229/","backup":false,"prime":false,"bess":false,"solar":false,"wind":false}},{"type":"Feature","geometry":{"type":"Point","coordinates":[-1.240288,54.517461]},"properties":{"site_id":"Middlesbrough/M/FP/0507/15/P","area":"Middlesbrough","state":"Conditions","type":"Full","n_apps":1,"year":2015,"agent":null,"description":"Erection of single storey community safety hub data centre & associated vehicular accesses, parking area, landscaping, boundary treatments and associated works","link":"https://www.planit.org.uk/planapplic/Middlesbrough/M/FP/0507/15/P/","backup":false,"prime":false,"bess":false,"solar":false,"wind":false}},{"type":"Feature","geometry":{"type":"Point","coordinates":[-1.235127,54.567136]},"properties":{"site_id":"Middlesbrough/M/FP/0655/15/P","area":"Middlesbrough","state":"Conditions","type":"Full","n_apps":1,"year":2015,"agent":null,"description":"Installation of emergency back up generator and Eco Cooling unit to data centre","link":"https://www.planit.org.uk/planapplic/Middlesbrough/M/FP/0655/15/P/","backup":false,"prime":false,"bess":false,"solar":false,"wind":false}},{"type":"Feature","geometry":{"type":"Point","coordinates":[0.546172,51.278828]},"properties":{"site_id":"MidKent/10/0285","area":"Mid Kent","state":"Permitted","type":"Full","n_apps":3,"year":2009,"agent":null,"description":"Proposed new plant room building with ancillary use to the existing data centre together with new energy compound and permanent erection of acoustic fencing around chiller compound as shown on drawing nos. 1226/01/P2 (Existing car park plan), 1226/02/P6 (Propo","link":"https://www.planit.org.uk/planapplic/MidKent/09/1569/","backup":true,"prime":false,"bess":false,"solar":false,"wind":false}},{"type":"Feature","geometry":{"type":"Point","coordinates":[0.495493,51.293868]},"properties":{"site_id":"MidKent/15/510009/FULL","area":"Mid Kent","state":"Permitted","type":"Full","n_apps":6,"year":2015,"agent":null,"description":"Installation of external plant and associated screening following dismantling of temporary storage building and other temporary structures; alterations to internal yard car park to create a secure plant and delivery compound including the provision of air lock","link":"https://www.planit.org.uk/planapplic/MidKent/15/510009/FULL/","backup":true,"prime":true,"bess":false,"solar":false,"wind":false}},{"type":"Feature","geometry":{"type":"Point","coordinates":[0.753036,51.346519]},"properties":{"site_id":"MidKent/18/502973/FULL","area":"Mid Kent","state":"Permitted","type":"Full","n_apps":1,"year":2018,"agent":null,"description":"Erection of a new data centre over three storeys plus basement, together with attendant car parking & delivery facilities and site security.","link":"https://www.planit.org.uk/planapplic/MidKent/18/502973/FULL/","backup":true,"prime":false,"bess":false,"solar":true,"wind":false}},{"type":"Feature","geometry":{"type":"Point","coordinates":[0.500849,51.289473]},"properties":{"site_id":"MidKent/22/501381/FULL","area":"Mid Kent","state":"Permitted","type":"Full","n_apps":1,"year":2022,"agent":null,"description":"Change of use and creation of two data centre cabins (Use Class B8 Storage and Distribution) with associated fencing, access, and provision of two generators. Relocation of two shipping containers and extension to main car park to provide nine parking spaces a","link":"https://www.planit.org.uk/planapplic/MidKent/22/501381/FULL/","backup":false,"prime":false,"bess":false,"solar":false,"wind":false}},{"type":"Feature","geometry":{"type":"Point","coordinates":[0.723968,51.313102]},"properties":{"site_id":"MidKent/SW/08/1313","area":"Mid Kent","state":"Conditions","type":"Full","n_apps":1,"year":2008,"agent":null,"description":"Erection of data centre building and associated plant compound.","link":"https://www.planit.org.uk/planapplic/MidKent/SW/08/1313/","backup":false,"prime":false,"bess":false,"solar":false,"wind":false}},{"type":"Feature","geometry":{"type":"Point","coordinates":[0.728821,51.310966]},"properties":{"site_id":"MidKent/SW/10/0541","area":"Mid Kent","state":"Conditions","type":"Full","n_apps":1,"year":2010,"agent":null,"description":"Change of use light industrial (B1) to data centre (B8) plus erection of plant compound and new emergency exit to south elevation.","link":"https://www.planit.org.uk/planapplic/MidKent/SW/10/0541/","backup":false,"prime":false,"bess":false,"solar":false,"wind":false}},{"type":"Feature","geometry":{"type":"Point","coordinates":[-0.042057,51.135636]},"properties":{"site_id":"MidSussex/07/03237/FUL","area":"Mid Sussex","state":"Permitted","type":"Full","n_apps":2,"year":2006,"agent":null,"description":"External plant/screening and ancillary buildings to data centre. (Addendum to application no. GR/06/02712/FUL).","link":"https://www.planit.org.uk/planapplic/MidSussex/07/03237/FUL/","backup":false,"prime":false,"bess":false,"solar":false,"wind":false}},{"type":"Feature","geometry":{"type":"Point","coordinates":[-0.199728,50.988273]},"properties":{"site_id":"MidSussex/DM/21/2656","area":"Mid Sussex","state":"Permitted","type":"Conditions","n_apps":1,"year":2021,"agent":null,"description":"Variation of planning condition nos. 2 and 13 relating to planning permission DM/20/2640 - Variation of the approved plans and external materials for units 2 and 3 is sought to permit the occupation of units 2 and 3 as a data centre. Alterations to external cl","link":"https://www.planit.org.uk/planapplic/MidSussex/DM/21/2656/","backup":false,"prime":false,"bess":false,"solar":false,"wind":false}},{"type":"Feature","geometry":{"type":"Point","coordinates":[-0.66898,52.040177]},"properties":{"site_id":"MiltonKeynes/09/00259/CLUP","area":"Milton Keynes","state":"Rejected","type":"Outline","n_apps":1,"year":2009,"agent":null,"description":"CERTIFICATE OF LAWFULNESS FOR PROPOSED USE OF PREMISES AS DATA CENTRE (B8 STORAGE OR DISTRIBUTION)","link":"https://www.planit.org.uk/planapplic/MiltonKeynes/09/00259/CLUP/","backup":false,"prime":false,"bess":false,"solar":false,"wind":false}},{"type":"Feature","geometry":{"type":"Point","coordinates":[-0.731693,52.06525]},"properties":{"site_id":"MiltonKeynes/12/00920/FUL","area":"Milton Keynes","state":"Permitted","type":"Full","n_apps":1,"year":2012,"agent":null,"description":"Erection of a prefabricated data centre building, air condensing units, back up generator and associated works.","link":"https://www.planit.org.uk/planapplic/MiltonKeynes/12/00920/FUL/","backup":false,"prime":false,"bess":false,"solar":false,"wind":false}},{"type":"Feature","geometry":{"type":"Point","coordinates":[-0.739298,51.992523]},"properties":{"site_id":"MiltonKeynes/12/01747/FUL","area":"Milton Keynes","state":"Permitted","type":"Full","n_apps":1,"year":2012,"agent":null,"description":"Replace existing failed refrigeration plant serving the Data Centre Facilities.","link":"https://www.planit.org.uk/planapplic/MiltonKeynes/12/01747/FUL/","backup":false,"prime":false,"bess":false,"solar":false,"wind":false}},{"type":"Feature","geometry":{"type":"Point","coordinates":[-0.736999,52.003306]},"properties":{"site_id":"MiltonKeynes/14/00310/REM","area":"Milton Keynes","state":"Permitted","type":"Outline","n_apps":4,"year":2011,"agent":null,"description":"Reserved matters application pursuant to outline permission 14/1190/OUT The re-development of the site to provide up to 25,020 sqm data centre (use class B8) floorspace, of which up to 3,820 sqm to be provided as offices (Use Class B1), with associated landsca","link":"https://www.planit.org.uk/planapplic/MiltonKeynes/18/00557/REM/","backup":false,"prime":false,"bess":false,"solar":false,"wind":false}},{"type":"Feature","geometry":{"type":"Point","coordinates":[-0.736627,52.001522]},"properties":{"site_id":"MiltonKeynes/18/00229/FUL","area":"Milton Keynes","state":"Permitted","type":"Full","n_apps":1,"year":2018,"agent":"WYG","description":"Use of building as data centre together with installation of six air conditioning units","link":"https://www.planit.org.uk/planapplic/MiltonKeynes/18/00229/FUL/","backup":false,"prime":false,"bess":false,"solar":false,"wind":false}},{"type":"Feature","geometry":{"type":"Point","coordinates":[-0.727114,51.998956]},"properties":{"site_id":"MiltonKeynes/18/00308/FUL","area":"Milton Keynes","state":"Permitted","type":"Full","n_apps":2,"year":2018,"agent":null,"description":"Installation of louvres within external elevations and screen fencing as part of internal cooling and ventilation upgrade of Bletchley Data Centre.","link":"https://www.planit.org.uk/planapplic/MiltonKeynes/18/00308/FUL/","backup":false,"prime":false,"bess":false,"solar":false,"wind":false}},{"type":"Feature","geometry":{"type":"Point","coordinates":[-0.352975,51.230652]},"properties":{"site_id":"MoleValley/MO/2010/0199","area":"Mole Valley","state":"Conditions","type":"Full","n_apps":2,"year":2010,"agent":null,"description":"Erection of data centre building following demolition of existing maintenance buildings. Restoration and extension of existing garden wall along with new low brick wall.","link":"https://www.planit.org.uk/planapplic/MoleValley/MO/2010/0198/","backup":false,"prime":false,"bess":false,"solar":false,"wind":false}},{"type":"Feature","geometry":{"type":"Point","coordinates":[-0.231925,51.242573]},"properties":{"site_id":"MoleValley/MO/2012/0661","area":"Mole Valley","state":"Conditions","type":"Full","n_apps":6,"year":2005,"agent":null,"description":"Erection of detached modular data centre with associated plant.","link":"https://www.planit.org.uk/planapplic/MoleValley/MO/2012/0661/","backup":false,"prime":false,"bess":false,"solar":false,"wind":false}},{"type":"Feature","geometry":{"type":"Point","coordinates":[-3.823442,51.625609]},"properties":{"site_id":"Neath/P2012/0749","area":"Neath","state":"Permitted","type":"Outline","n_apps":1,"year":2012,"agent":null,"description":"Data Centre with ancillary servicing centre and supporting office accomodation (Outline with all matters reserved)","link":"https://www.planit.org.uk/planapplic/Neath/P2012/0749/","backup":false,"prime":false,"bess":false,"solar":false,"wind":false}},{"type":"Feature","geometry":{"type":"Point","coordinates":[-3.744278,51.562931]},"properties":{"site_id":"Neath/P2024/0791","area":"Neath","state":"Permitted","type":"Full","n_apps":2,"year":2024,"agent":"The Urbanists","description":"Erection of a data centre (use class B8) and supporting infrastructure, parking, alteration to access, drainage, landscaping and associated works. Including demolition of existing annex and retention of the existing building for ancillary use, substation and p","link":"https://www.planit.org.uk/planapplic/Neath/P2025/0187/","backup":false,"prime":false,"bess":false,"solar":false,"wind":false}},{"type":"Feature","geometry":{"type":"Point","coordinates":[-0.791896,53.079132]},"properties":{"site_id":"Newark/10/00641/FULM","area":"Newark and Sherwood","state":"Permitted","type":"Full","n_apps":1,"year":2010,"agent":null,"description":"Proposed new data centre and office development, with associated car parking, road, paths, landscaping and pedestrian link to the clients existing premises","link":"https://www.planit.org.uk/planapplic/Newark/10/00641/FULM/","backup":false,"prime":false,"bess":false,"solar":false,"wind":false}},{"type":"Feature","geometry":{"type":"Point","coordinates":[-1.111869,53.130743]},"properties":{"site_id":"Newark/25/02138/OUTM","area":"Newark and Sherwood","state":"Unknown","type":"Outline","n_apps":2,"year":2025,"agent":null,"description":"Outline planning permission for mixed use development of a Data Centre and Up to 400 dwellings (All matters reserved except access)","link":"https://www.planit.org.uk/planapplic/Newark/25/02138/OUTM/","backup":false,"prime":false,"bess":true,"solar":false,"wind":false}},{"type":"Feature","geometry":{"type":"Point","coordinates":[-1.702218,54.973158]},"properties":{"site_id":"NewcastleUponTyne/2019/0596/02/NMA","area":"Newcastle upon Tyne","state":"Permitted","type":"Full","n_apps":2,"year":2019,"agent":null,"description":"Provision of 2no. cabins for a data centre (Class B8), installation of 12no. air conditioning units, 2no. generators, 1no. meter cabinet, removable bollards, erection of a 2.4m high boundary fence with associated access. Amended 12th June 2019","link":"https://www.planit.org.uk/planapplic/NewcastleUponTyne/2019/0596/01/DET/","backup":false,"prime":false,"bess":false,"solar":false,"wind":false}},{"type":"Feature","geometry":{"type":"Point","coordinates":[-1.539722,54.975626]},"properties":{"site_id":"NewcastleUponTyne/2019/0658/01/DET","area":"Newcastle upon Tyne","state":"Permitted","type":"Full","n_apps":1,"year":2019,"agent":null,"description":"Provision of 2no. data centre cabins, installation of 12no. air conditioning units, 2no. generators, 1 no. meter cabinet all contained within a fenced compound (height of fence 2.4 metres) and associated access (as amended by plans received 28 June 2019)","link":"https://www.planit.org.uk/planapplic/NewcastleUponTyne/2019/0658/01/DET/","backup":false,"prime":false,"bess":false,"solar":false,"wind":false}},{"type":"Feature","geometry":{"type":"Point","coordinates":[-1.655418,54.996497]},"properties":{"site_id":"NewcastleUponTyne/2019/1120/01/DET","area":"Newcastle upon Tyne","state":"Permitted","type":"Full","n_apps":1,"year":2019,"agent":null,"description":"Erection of 2 no data centre cabins, installation of 12 no air conditioning units, 2 no generators, 1no meter cabinet all contained within a fenced compound (height of fence 2.4 metres) and associated access","link":"https://www.planit.org.uk/planapplic/NewcastleUponTyne/2019/1120/01/DET/","backup":false,"prime":false,"bess":false,"solar":false,"wind":false}},{"type":"Feature","geometry":{"type":"Point","coordinates":[0.000112,51.523893]},"properties":{"site_id":"Newham/21/00374/VAR","area":"Newham","state":"Permitted","type":"Outline","n_apps":2,"year":2020,"agent":"Hale Architecture Limited","description":"Application for a lawful development certificate for the proposed Data Centre use.","link":"https://www.planit.org.uk/planapplic/Newham/20/01187/CLP/","backup":false,"prime":false,"bess":false,"solar":false,"wind":false}},{"type":"Feature","geometry":{"type":"Point","coordinates":[-3.03669,51.556553]},"properties":{"site_id":"Newport/25/0711","area":"Newport","state":"Withdrawn","type":"Full","n_apps":28,"year":2007,"agent":"Atkins Limited","description":"PROPOSED INSTALLATION OF CHILLER UNITS AND CABLE BRIDGES ENCLOSED BY 5M HIGH INTERNAL SECURITY FENCING AND PROVISION OF 5M HIGH REPLACEMENT EXTERNAL SECURITY FENCING TO THE REAR OF THE CHILLER UNITS, ALONG THE NORTH BOUNDARY OF CWL11 DATA CENTRE SITE (RETROSPE","link":"https://www.planit.org.uk/planapplic/Newport/24/0609/","backup":false,"prime":false,"bess":false,"solar":false,"wind":false}},{"type":"Feature","geometry":{"type":"Point","coordinates":[-2.963547,51.561502]},"properties":{"site_id":"Newport/25/0983","area":"Newport","state":"Conditions","type":"Full","n_apps":2,"year":2025,"agent":"Egniol","description":"CHANGE OF USE OF PART OF EXISTING INDUSTRIAL BUILDING (USE CLASS B2) TO DATA CENTRE (USE CLASS B8) INCLUDING RECLADDING OF EXTERNAL ELEVATIONS, INSTALLATION OF ASSOCIATED PLANT AND EQUIPMENT, AND ANCILLARY WORKS","link":"https://www.planit.org.uk/planapplic/Newport/25/0983/","backup":false,"prime":false,"bess":false,"solar":false,"wind":false}},{"type":"Feature","geometry":{"type":"Point","coordinates":[-3.041209,51.551028]},"properties":{"site_id":"Newport/25/1016","area":"Newport","state":"Conditions","type":"Full","n_apps":15,"year":2023,"agent":"Carter Jonas","description":"DEMOLITION OF REMAINDER OF EXISTING PRINCIPAL BUILDING AND REMAINING STRUCTURES AND CONSTRUCTION OF NEW DATACENTRE (USE CLASS B8) ACROSS TWO MAIN BUILDINGS PLUS ANCILLARY STRUCTURES ANDS OTHER ASSOCIATED WORKS","link":"https://www.planit.org.uk/planapplic/Newport/24/0006/","backup":false,"prime":false,"bess":false,"solar":false,"wind":false}},{"type":"Feature","geometry":{"type":"Point","coordinates":[-3.040459,51.548481]},"properties":{"site_id":"Newport/25/1071","area":"Newport","state":"Conditions","type":"Full","n_apps":1,"year":2025,"agent":"DWD","description":"INSTALLATION OF AN UNDERGROUND CABLE CONNECTION FROM 132KV SUBSTATION TO A DATA CENTRE","link":"https://www.planit.org.uk/planapplic/Newport/25/1071/","backup":false,"prime":false,"bess":false,"solar":false,"wind":false}},{"type":"Feature","geometry":{"type":"Point","coordinates":[-4.141343,51.093048]},"properties":{"site_id":"NorthDevon/45880","area":"North Devon","state":"Permitted","type":"Full","n_apps":1,"year":2008,"agent":null,"description":"ERECTION OF BUILDING TO HOUSE DATA CENTRE (AMENDED SCHEME)","link":"https://www.planit.org.uk/planapplic/NorthDevon/45880/","backup":false,"prime":false,"bess":false,"solar":false,"wind":false}},{"type":"Feature","geometry":{"type":"Point","coordinates":[-1.352999,53.192955]},"properties":{"site_id":"NorthEastDerbyshire/10/00130/FL","area":"North East Derbyshire","state":"Permitted","type":"Full","n_apps":1,"year":2010,"agent":null,"description":"Change of use of distribution centre (Use Class B8) to data centre (Use Class B1) together with erection of external cooling plant, generators, fuel tanks and 2.4m palisade fence","link":"https://www.planit.org.uk/planapplic/NorthEastDerbyshire/10/00130/FL/","backup":false,"prime":false,"bess":false,"solar":false,"wind":false}},{"type":"Feature","geometry":{"type":"Point","coordinates":[-3.9483,55.88892]},"properties":{"site_id":"NorthLanarkshire/16/00208/AMD","area":"North Lanarkshire","state":"Permitted","type":"Outline","n_apps":7,"year":2009,"agent":null,"description":"Request for EIA Screening Opinion (Relates to Renewal of Planning Permission 09/00865/PPP - Construction of Data Centre)","link":"https://www.planit.org.uk/planapplic/NorthLanarkshire/12/00887/EIASCR/","backup":false,"prime":false,"bess":false,"solar":false,"wind":false}},{"type":"Feature","geometry":{"type":"Point","coordinates":[-4.130621,55.893358]},"properties":{"site_id":"NorthLanarkshire/22/01259/PRN","area":"North Lanarkshire","state":"Permitted","type":"Outline","n_apps":1,"year":2022,"agent":null,"description":"Notification of Emergency Works - Install a Temporary 1.2m Satellite Antenna on the Roof of the Scottish Water's Data Centre","link":"https://www.planit.org.uk/planapplic/NorthLanarkshire/22/01259/PRN/","backup":false,"prime":false,"bess":false,"solar":false,"wind":false}},{"type":"Feature","geometry":{"type":"Point","coordinates":[-3.955722,55.883878]},"properties":{"site_id":"NorthLanarkshire/24/01025/PAN","area":"North Lanarkshire","state":"Permitted","type":null,"n_apps":1,"year":2024,"agent":null,"description":"Proposed Digital And Manufacturing Campus (Classes 4, 5, 6, And 10) Including Data Centres, Gigafactory, Research, Offices, Electricity Infrastructure, Ancillary Services (Classes 1 And 3 Including Sui Generis) With Access And Roads, Car Parking, Landscaping A","link":"https://www.planit.org.uk/planapplic/NorthLanarkshire/24/01025/PAN/","backup":false,"prime":false,"bess":false,"solar":false,"wind":false}},{"type":"Feature","geometry":{"type":"Point","coordinates":[-3.973682,55.790685]},"properties":{"site_id":"NorthLanarkshire/25/00556/EIASCR","area":"North Lanarkshire","state":"Permitted","type":"Outline","n_apps":1,"year":2025,"agent":null,"description":"Construction of a Data Centre Campus","link":"https://www.planit.org.uk/planapplic/NorthLanarkshire/25/00556/EIASCR/","backup":false,"prime":false,"bess":false,"solar":false,"wind":false}},{"type":"Feature","geometry":{"type":"Point","coordinates":[-3.943482,55.788982]},"properties":{"site_id":"NorthLanarkshire/25/00838/PAN","area":"North Lanarkshire","state":"Permitted","type":null,"n_apps":1,"year":2025,"agent":null,"description":"Erection of an AI Data Centre Campus with a 550MW demand utility capacity with ancillary Battery Energy Storage (to be consented via separate Section 36 application to the ECU) car parking, landscaping, roads, access and associated works","link":"https://www.planit.org.uk/planapplic/NorthLanarkshire/25/00838/PAN/","backup":false,"prime":false,"bess":false,"solar":false,"wind":false}},{"type":"Feature","geometry":{"type":"Point","coordinates":[-3.935451,55.836389]},"properties":{"site_id":"NorthLanarkshire/25/01322/PAN","area":"North Lanarkshire","state":"Permitted","type":"Outline","n_apps":2,"year":2025,"agent":null,"description":"Proposed Data Centre Development and Associated Landscaping, Access Works and Other Infrastructure","link":"https://www.planit.org.uk/planapplic/NorthLanarkshire/26/00707/EIASCR/","backup":true,"prime":false,"bess":true,"solar":false,"wind":false}},{"type":"Feature","geometry":{"type":"Point","coordinates":[-3.910827,55.827949]},"properties":{"site_id":"NorthLanarkshire/25/01328/PAN","area":"North Lanarkshire","state":"Permitted","type":null,"n_apps":1,"year":2025,"agent":null,"description":"Construction of data centre building(s), together with associated development, infrastructure and utilities including flexible commercial/ industrial buildings, substation, and battery energy storage (BES) and generation (If BES greater than 50MW it will form ","link":"https://www.planit.org.uk/planapplic/NorthLanarkshire/25/01328/PAN/","backup":false,"prime":false,"bess":true,"solar":false,"wind":false}},{"type":"Feature","geometry":{"type":"Point","coordinates":[-3.948039,55.884665]},"properties":{"site_id":"NorthLanarkshire/26/00069/PAN","area":"North Lanarkshire","state":"Permitted","type":null,"n_apps":1,"year":2026,"agent":null,"description":"Proposed Digital And Manufacturing Campus (Classes 4, 5, 6, And 10) Including Data Centres, Gigafactory, Research, Offices, Electricity Infrastructure, Ancillary Services (Classes 1 And 3 Including Sui Generis) With Access And Roads, Car Parking, Landscaping A","link":"https://www.planit.org.uk/planapplic/NorthLanarkshire/26/00069/PAN/","backup":false,"prime":false,"bess":false,"solar":false,"wind":false}},{"type":"Feature","geometry":{"type":"Point","coordinates":[-3.954636,55.833632]},"properties":{"site_id":"NorthLanarkshire/26/00350/MSC","area":"North Lanarkshire","state":"Permitted","type":"Outline","n_apps":7,"year":2010,"agent":null,"description":"Data Centre including Associated Plant, Access and Parking Provision","link":"https://www.planit.org.uk/planapplic/NorthLanarkshire/25/01159/PPP/","backup":false,"prime":false,"bess":false,"solar":false,"wind":false}},{"type":"Feature","geometry":{"type":"Point","coordinates":[-3.921716,55.829891]},"properties":{"site_id":"NorthLanarkshire/26/00595/EIASCR","area":"North Lanarkshire","state":"Undecided","type":"Outline","n_apps":2,"year":2025,"agent":null,"description":"Data Centre Campus Including Grid Connection","link":"https://www.planit.org.uk/planapplic/NorthLanarkshire/26/00595/EIASCR/","backup":false,"prime":false,"bess":true,"solar":true,"wind":false}},{"type":"Feature","geometry":{"type":"Point","coordinates":[-0.270177,53.621484]},"properties":{"site_id":"NorthLincs/PA/2024/584","area":"North Lincs","state":"Conditions","type":"Outline","n_apps":2,"year":2024,"agent":null,"description":"Outline planning permission for the construction of a data centre of up to 309,000m² (GEA) delivered across up to three buildings, including ancillary offices, internal plant and equipment, emergency backup generators and associated fuel storage. Other works i","link":"https://www.planit.org.uk/planapplic/NorthLincs/PA/2024/584/","backup":false,"prime":false,"bess":false,"solar":false,"wind":false}},{"type":"Feature","geometry":{"type":"Point","coordinates":[-0.406782,53.605177]},"properties":{"site_id":"NorthLincs/PA/SCR/2025/5","area":"North Lincs","state":"Unknown","type":"Outline","n_apps":2,"year":2025,"agent":null,"description":"Outline planning permission for the construction of a data centre park, including ancillary offices, internal plant and cooling equipment, emergency backup generators with associated fuel storage, district heating centre, flexible commercial/amenity building(s","link":"https://www.planit.org.uk/planapplic/NorthLincs/PA/2025/643/","backup":false,"prime":false,"bess":false,"solar":false,"wind":false}},{"type":"Feature","geometry":{"type":"Point","coordinates":[-0.650849,53.624456]},"properties":{"site_id":"NorthLincs/PA/SCR/2026/752","area":"North Lincs","state":"Unknown","type":"Outline","n_apps":1,"year":2026,"agent":null,"description":"EIA screening request for the construction of data centre buildings with associated solar farm, including installation of external plant equipment and structures, landscaping and other associated ancillary works.’","link":"https://www.planit.org.uk/planapplic/NorthLincs/PA/SCR/2026/752/","backup":false,"prime":false,"bess":false,"solar":false,"wind":false}},{"type":"Feature","geometry":{"type":"Point","coordinates":[1.392992,52.817477]},"properties":{"site_id":"NorthNorfolk/BX/10/1190","area":"North Norfolk","state":"Permitted","type":"Other","n_apps":1,"year":2010,"agent":"Environment,Transport & Dev Dept","description":"Erection of co-location centre (revised scheme)","link":"https://www.planit.org.uk/planapplic/NorthNorfolk/BX/10/1190/","backup":false,"prime":false,"bess":false,"solar":false,"wind":false}},{"type":"Feature","geometry":{"type":"Point","coordinates":[-2.952314,51.326992]},"properties":{"site_id":"NorthSomerset/21/P/0672/FUL","area":"North Somerset","state":"Permitted","type":"Full","n_apps":1,"year":2021,"agent":"Waldon Telecom","description":"Full planning permission for change of use of building to Use Class B8 (Storage or distribution) for use as a data centre. External building modifications consisting of 6no. air vents, replacement of 2no. doors; security grilles and reflective film added to al","link":"https://www.planit.org.uk/planapplic/NorthSomerset/21/P/0672/FUL/","backup":false,"prime":false,"bess":false,"solar":false,"wind":false}},{"type":"Feature","geometry":{"type":"Point","coordinates":[-1.503397,55.017494]},"properties":{"site_id":"NorthTyneside/08/02104/SCREIA","area":"North Tyneside","state":"Permitted","type":"Outline","n_apps":6,"year":2008,"agent":null,"description":"Formal screening opinion in respect of proposed for the development of a new data centre (revised scheme) including 3 wind turbines on roof of proposed data centre","link":"https://www.planit.org.uk/planapplic/NorthTyneside/08/03187/SCREIA/","backup":false,"prime":false,"bess":false,"solar":false,"wind":true}},{"type":"Feature","geometry":{"type":"Point","coordinates":[-1.574086,55.030846]},"properties":{"site_id":"NorthTyneside/13/00118/DEMGDO","area":"North Tyneside","state":"Permitted","type":"Outline","n_apps":1,"year":2013,"agent":null,"description":"Demolition of existing three Storey office building and single storey data centre, grid building and other ancillary buildings","link":"https://www.planit.org.uk/planapplic/NorthTyneside/13/00118/DEMGDO/","backup":false,"prime":false,"bess":false,"solar":false,"wind":false}},{"type":"Feature","geometry":{"type":"Point","coordinates":[-1.589415,55.021912]},"properties":{"site_id":"NorthTyneside/13/00559/FUL","area":"North Tyneside","state":"Permitted","type":"Full","n_apps":1,"year":2013,"agent":null,"description":"Erection of a single storey building to provide an IT Datacenter","link":"https://www.planit.org.uk/planapplic/NorthTyneside/13/00559/FUL/","backup":false,"prime":false,"bess":false,"solar":false,"wind":false}},{"type":"Feature","geometry":{"type":"Point","coordinates":[-1.553292,55.016987]},"properties":{"site_id":"NorthTyneside/20/00482/FUL","area":"North Tyneside","state":"Withdrawn","type":"Full","n_apps":3,"year":2020,"agent":null,"description":"Provision of 2no. data centre cabins together with the installation of 12no. air conditioning units, 2no. generators and 1no. meter cabinet, all within an outdoor fenced compound with associated access on land off Whitley Road, Bellway Industrial Estate, Newca","link":"https://www.planit.org.uk/planapplic/NorthTyneside/20/00979/FUL/","backup":false,"prime":false,"bess":false,"solar":false,"wind":false}},{"type":"Feature","geometry":{"type":"Point","coordinates":[-1.526263,55.150005]},"properties":{"site_id":"Northumberland/26/01570/FUL","area":"Northumberland (County)","state":"Undecided","type":"Outline","n_apps":10,"year":2024,"agent":null,"description":"Reserved matters application for landscaping and layout on approved application 24/04112/OUTES for phase C enabling works including site preparation, earthworks, removal of PFA mounds and other works required prior to construction and operation of data centre ","link":"https://www.planit.org.uk/planapplic/Northumberland/26/01894/REM/","backup":true,"prime":false,"bess":false,"solar":false,"wind":false}},{"type":"Feature","geometry":{"type":"Point","coordinates":[-1.287428,52.83895]},"properties":{"site_id":"NorthWestLeicestershire/24/01444/DEM","area":"North West Leicestershire","state":"Permitted","type":"Outline","n_apps":1,"year":2024,"agent":"BHP Design (UK) Ltd","description":"Demolition of the former RBS Data Centre","link":"https://www.planit.org.uk/planapplic/NorthWestLeicestershire/24/01444/DEM/","backup":false,"prime":false,"bess":false,"solar":false,"wind":false}},{"type":"Feature","geometry":{"type":"Point","coordinates":[1.321012,52.621925]},"properties":{"site_id":"Norwich/15/00351/EIA2","area":"Norwich","state":"Permitted","type":"Outline","n_apps":1,"year":2015,"agent":"Axis","description":"EIA scoping request for mixed use redevelopment of site to provide biomass powerstation, district heating system, education and research buildings, student accomodation, housing, data centre, offices, car parking and associated infrastructure including a new b","link":"https://www.planit.org.uk/planapplic/Norwich/15/00351/EIA2/","backup":true,"prime":true,"bess":false,"solar":false,"wind":false}},{"type":"Feature","geometry":{"type":"Point","coordinates":[-1.198349,52.930141]},"properties":{"site_id":"Nottingham/01/01385/PFUL3","area":"Nottingham","state":"Conditions","type":"Full","n_apps":1,"year":2001,"agent":null,"description":"Erection of data centre building.","link":"https://www.planit.org.uk/planapplic/Nottingham/01/01385/PFUL3/","backup":false,"prime":false,"bess":false,"solar":false,"wind":false}},{"type":"Feature","geometry":{"type":"Point","coordinates":[-1.214585,53.00646]},"properties":{"site_id":"Nottingham/05/02592/PFUL3","area":"Nottingham","state":"Conditions","type":"Full","n_apps":1,"year":2005,"agent":null,"description":"Erection of raised platform to rear of building and provision of new plant, security, reconfiguration of car parking and erection of replacement fencing in association with use of existing building as a data centre.","link":"https://www.planit.org.uk/planapplic/Nottingham/05/02592/PFUL3/","backup":false,"prime":false,"bess":false,"solar":false,"wind":false}},{"type":"Feature","geometry":{"type":"Point","coordinates":[-1.157761,52.944225]},"properties":{"site_id":"Nottingham/10/01970/PFUL3","area":"Nottingham","state":"Conditions","type":"Full","n_apps":1,"year":2010,"agent":null,"description":"Enlargement of I.T Data Centre, ancillary generators/plant and alterations to the access and parking arrangements.","link":"https://www.planit.org.uk/planapplic/Nottingham/10/01970/PFUL3/","backup":false,"prime":false,"bess":false,"solar":false,"wind":false}},{"type":"Feature","geometry":{"type":"Point","coordinates":[-1.172537,52.956112]},"properties":{"site_id":"Nottingham/20/01104/PFUL3","area":"Nottingham","state":"Conditions","type":"Full","n_apps":1,"year":2020,"agent":null,"description":"Change to B8 building use, installation of 8no. air-conditioning units, external building modifications & ancillary development, enabling use of building as data centre","link":"https://www.planit.org.uk/planapplic/Nottingham/20/01104/PFUL3/","backup":false,"prime":false,"bess":false,"solar":false,"wind":false}},{"type":"Feature","geometry":{"type":"Point","coordinates":[-1.123387,52.585434]},"properties":{"site_id":"Oadby/20/00251/FUL","area":"Oadby and Wigston","state":"Permitted","type":"Full","n_apps":1,"year":2020,"agent":null,"description":"Application for full planning permission for external alterations to the building including the siting of five air vents, widening of roller shutter door and replacement of existing door with new security fire door to facilitate use as a data centre (Use Class","link":"https://www.planit.org.uk/planapplic/Oadby/20/00251/FUL/","backup":false,"prime":false,"bess":false,"solar":false,"wind":false}},{"type":"Feature","geometry":{"type":"Point","coordinates":[-2.126783,53.553719]},"properties":{"site_id":"Oldham/FUL/350969/23","area":"Oldham","state":"Permitted","type":"Full","n_apps":1,"year":2023,"agent":"Arup","description":"Erection of a Modular Data Centre consisting of a 2-storey building with associated access and service yard for a temporary period of up to five years.","link":"https://www.planit.org.uk/planapplic/Oldham/FUL/350969/23/","backup":false,"prime":false,"bess":false,"solar":false,"wind":false}},{"type":"Feature","geometry":{"type":"Point","coordinates":[-0.254312,51.527171]},"properties":{"site_id":"OldOakParkRoyal/23/0176/NMAOPDC","area":"Old Oak Park Royal","state":"Permitted","type":"Full","n_apps":65,"year":2021,"agent":null,"description":"Works of hard and soft landscaping and the erection of a perimeter fence in connection with the redevelopment of the wider Chandos Road Trading Estate as a data centre.","link":"https://www.planit.org.uk/planapplic/OldOakParkRoyal/22/0144/FULOPDC/","backup":false,"prime":false,"bess":false,"solar":false,"wind":false}},{"type":"Feature","geometry":{"type":"Point","coordinates":[-0.259756,51.532936]},"properties":{"site_id":"OldOakParkRoyal/25/0121/NMAOPDC","area":"Ealing","state":"Permitted","type":"Outline","n_apps":25,"year":2020,"agent":null,"description":"Details of condition 34 (Car Parking/Blue Badge/EVCP) pursuant to planning permission 20/0122/OUTOPDC dated 27/09/2022 for outline planning permission with the details of access, appearance, landscaping, layout and scale reserved for later determination for de","link":"https://www.planit.org.uk/planapplic/Ealing/252511OPDCOB/","backup":false,"prime":false,"bess":false,"solar":false,"wind":false}},{"type":"Feature","geometry":{"type":"Point","coordinates":[-0.263983,51.530599]},"properties":{"site_id":"OldOakParkRoyal/25/0177/AODOPDC","area":"Old Oak Park Royal","state":"Permitted","type":"Outline","n_apps":9,"year":2021,"agent":null,"description":"Request for an Environmental Impact Assessment Screening Opinion in accordance with Regulation 6 of the Town and Country Planning (Environmental Impact Assessment) Regulations (2017) (as amended) in association with the redevelopment of the site for a data cen","link":"https://www.planit.org.uk/planapplic/OldOakParkRoyal/26/0099/SCROPDC/","backup":true,"prime":false,"bess":false,"solar":true,"wind":false}},{"type":"Feature","geometry":{"type":"Point","coordinates":[-0.257053,52.593224]},"properties":{"site_id":"Peterborough/18/00210/FUL","area":"Peterborough","state":"Permitted","type":"Full","n_apps":1,"year":2018,"agent":"WYG","description":"Application for change of use to B8 (storage and distribution) and development to provide a building for a data centre together with installation of six internal air conditioning units with ventilation grilles","link":"https://www.planit.org.uk/planapplic/Peterborough/18/00210/FUL/","backup":false,"prime":false,"bess":false,"solar":false,"wind":false}},{"type":"Feature","geometry":{"type":"Point","coordinates":[-0.260268,52.55826]},"properties":{"site_id":"Peterborough/18/00211/FUL","area":"Peterborough","state":"Permitted","type":"Full","n_apps":1,"year":2018,"agent":"WYG","description":"Application for change of use to B8 (storage and distribution) for the provision of a data centre with the installation of six air conditioning units and one generator contained within the outdoor compound","link":"https://www.planit.org.uk/planapplic/Peterborough/18/00211/FUL/","backup":false,"prime":false,"bess":false,"solar":false,"wind":false}},{"type":"Feature","geometry":{"type":"Point","coordinates":[-0.30637,52.541747]},"properties":{"site_id":"Peterborough/18/01340/R4FUL","area":"Peterborough","state":"Permitted","type":"Full","n_apps":2,"year":2018,"agent":"WYG","description":"Siting of one container, six air conditioning units, equipment and meter enclosures surrounded by 2.4 metre high palisade fencing for use as data centre (Use Class B8)","link":"https://www.planit.org.uk/planapplic/Peterborough/18/01340/R4FUL/","backup":false,"prime":false,"bess":false,"solar":false,"wind":false}},{"type":"Feature","geometry":{"type":"Point","coordinates":[-0.286283,52.609546]},"properties":{"site_id":"Peterborough/22/00531/FUL","area":"Peterborough","state":"Permitted","type":"Full","n_apps":1,"year":2022,"agent":"David Lock Associates","description":"Erection of data centre (B8) with ancillary office space (Use Class E(g)(i)), associated groundworks, utilities, infrastructure, car parking, landscaping and access from Stirling Way","link":"https://www.planit.org.uk/planapplic/Peterborough/22/00531/FUL/","backup":false,"prime":false,"bess":false,"solar":true,"wind":false}},{"type":"Feature","geometry":{"type":"Point","coordinates":[-4.153444,50.370911]},"properties":{"site_id":"Plymouth/20/00937/FUL","area":"Plymouth","state":"Permitted","type":"Full","n_apps":1,"year":2020,"agent":"WYG","description":"Installation of 12no. air conditioning units and external alterations for use as a data centre (Class B8)","link":"https://www.planit.org.uk/planapplic/Plymouth/20/00937/FUL/","backup":false,"prime":false,"bess":false,"solar":false,"wind":false}},{"type":"Feature","geometry":{"type":"Point","coordinates":[-1.097715,50.797368]},"properties":{"site_id":"Portsmouth/13/00200/FUL","area":"Portsmouth","state":"Conditions","type":"Full","n_apps":1,"year":2013,"agent":"FAO Mr John Pike","description":"Construction of a single-storey building and plant compound to form a data centre","link":"https://www.planit.org.uk/planapplic/Portsmouth/13/00200/FUL/","backup":false,"prime":false,"bess":false,"solar":false,"wind":false}},{"type":"Feature","geometry":{"type":"Point","coordinates":[-1.058463,50.817382]},"properties":{"site_id":"Portsmouth/20/00410/FUL","area":"Portsmouth","state":"Conditions","type":"Full","n_apps":1,"year":2020,"agent":"FAO Mr Mark Flaherty","description":"Change of use to data centre (Class B8), to include installation of air vents and replacement doors","link":"https://www.planit.org.uk/planapplic/Portsmouth/20/00410/FUL/","backup":false,"prime":false,"bess":false,"solar":false,"wind":false}},{"type":"Feature","geometry":{"type":"Point","coordinates":[-1.046064,50.826742]},"properties":{"site_id":"Portsmouth/20/00898/FUL","area":"Portsmouth","state":"Withdrawn","type":"Full","n_apps":1,"year":2020,"agent":"FAO Mr Mark Flaherty","description":"Change of use of land to Class B8; construction of single storey data centre to include installation of 2 no. fibre cabins, 8 no. air conditioning units, 2no. generators, 1 no. meter cabinet, 2.4m high fence and ancillary development","link":"https://www.planit.org.uk/planapplic/Portsmouth/20/00898/FUL/","backup":false,"prime":false,"bess":false,"solar":false,"wind":false}},{"type":"Feature","geometry":{"type":"Point","coordinates":[-1.095767,50.796139]},"properties":{"site_id":"Portsmouth/24/01258/FUL","area":"Portsmouth","state":"Conditions","type":"Full","n_apps":1,"year":2024,"agent":"Freeths LLP","description":"Construction of data centre including external plant and machinery, boundary treatments, landscaping and associated works","link":"https://www.planit.org.uk/planapplic/Portsmouth/24/01258/FUL/","backup":false,"prime":false,"bess":false,"solar":false,"wind":false}},{"type":"Feature","geometry":{"type":"Point","coordinates":[-2.681377,53.757317]},"properties":{"site_id":"Preston/06/2020/0281","area":"Preston","state":"Conditions","type":"Full","n_apps":1,"year":2020,"agent":null,"description":"Use of land as data centre (use class B8) including installation of two single storey cabins, two generators and twelve air conditioning units to be enclosed within 2.4m high fence","link":"https://www.planit.org.uk/planapplic/Preston/06/2020/0281/","backup":false,"prime":false,"bess":false,"solar":false,"wind":false}},{"type":"Feature","geometry":{"type":"Point","coordinates":[-0.978514,51.427479]},"properties":{"site_id":"Reading/121426","area":"Reading","state":"Permitted","type":"Full","n_apps":2,"year":2012,"agent":null,"description":"Associated works in connection with reuse of former plumbing warehouseas data centre including stationing of 5 emergency generators and 6 c hiller units to rear with ancillary acoustic fencing also to rear","link":"https://www.planit.org.uk/planapplic/Reading/PL/12/1426/","backup":false,"prime":false,"bess":false,"solar":false,"wind":false}},{"type":"Feature","geometry":{"type":"Point","coordinates":[-1.041753,51.411297]},"properties":{"site_id":"Reading/220897","area":"Reading","state":"Permitted","type":"Outline","n_apps":8,"year":2020,"agent":null,"description":"Development of an Energy Recovery Centre and adjacent Data Centre and associated infrastructure. With reference to previous correspondence regarding the above application, further information in accordance with Regulation 25 of the Town and Country Planning (E","link":"https://www.planit.org.uk/planapplic/Reading/PL/22/0011/","backup":false,"prime":false,"bess":false,"solar":false,"wind":false}},{"type":"Feature","geometry":{"type":"Point","coordinates":[-0.997731,51.461681]},"properties":{"site_id":"Reading/PL/20/0565","area":"Reading","state":"Permitted","type":"Full","n_apps":2,"year":2020,"agent":null,"description":"Change of use of industrial unit (Class B2) to data centre (Class B8),installation of 6no. air conditioning units and various external alterations","link":"https://www.planit.org.uk/planapplic/Reading/PL/20/0565/","backup":false,"prime":false,"bess":false,"solar":false,"wind":false}},{"type":"Feature","geometry":{"type":"Point","coordinates":[-0.20545,51.239239]},"properties":{"site_id":"Reigate/06/01353/CONLA","area":"Reigate","state":"Permitted","type":"Outline","n_apps":1,"year":2006,"agent":null,"description":"Installation of six containerised units to rear car park. Units house emergency generator system to feed existing data centre.","link":"https://www.planit.org.uk/planapplic/Reigate/06/01353/CONLA/","backup":false,"prime":false,"bess":false,"solar":false,"wind":false}},{"type":"Feature","geometry":{"type":"Point","coordinates":[-0.157219,51.247787]},"properties":{"site_id":"Reigate/07/02150/F","area":"Reigate","state":"Conditions","type":"Full","n_apps":7,"year":2007,"agent":null,"description":"Demolition of units 1 and 2 and construction of a single two-storey data centre accommodating four data halls and office block with associated plant, groundworks to site the building, fencing, landscaping and other works. As amended on 28/01/2026, 16/02/2026, ","link":"https://www.planit.org.uk/planapplic/Reigate/25/02312/F/","backup":false,"prime":false,"bess":false,"solar":false,"wind":false}},{"type":"Feature","geometry":{"type":"Point","coordinates":[-4.382432,55.861805]},"properties":{"site_id":"Renfrewshire/06/1047/PP","area":"Renfrewshire","state":"Conditions","type":"Full","n_apps":1,"year":2006,"agent":"Artemis Architects Ltd","description":"Erection of data centre.","link":"https://www.planit.org.uk/planapplic/Renfrewshire/06/1047/PP/","backup":false,"prime":false,"bess":false,"solar":false,"wind":false}},{"type":"Feature","geometry":{"type":"Point","coordinates":[-4.444418,55.847439]},"properties":{"site_id":"Renfrewshire/20/0203/PP","area":"Renfrewshire","state":"Conditions","type":"Full","n_apps":2,"year":2020,"agent":"WYG","description":"Installation of data centre, plant and equipment compound","link":"https://www.planit.org.uk/planapplic/Renfrewshire/20/0563/PP/","backup":false,"prime":false,"bess":false,"solar":false,"wind":false}},{"type":"Feature","geometry":{"type":"Point","coordinates":[-4.370193,55.862374]},"properties":{"site_id":"Renfrewshire/20/0204/PP","area":"Renfrewshire","state":"Permitted","type":"Full","n_apps":1,"year":2020,"agent":"WYG","description":"Use of building as data centre (Class 4) and external alterations to building","link":"https://www.planit.org.uk/planapplic/Renfrewshire/20/0204/PP/","backup":false,"prime":false,"bess":false,"solar":false,"wind":false}},{"type":"Feature","geometry":{"type":"Point","coordinates":[-4.462609,55.83852]},"properties":{"site_id":"Renfrewshire/20/0228/PP","area":"Renfrewshire","state":"Conditions","type":"Full","n_apps":1,"year":2020,"agent":"WYG","description":"Erection of 2no. data centre cabins (Class 4), installation of 12no. air conditioning units, 2no. generators and 1no. meter cabinet, all within an outdoor fenced compound with associated access","link":"https://www.planit.org.uk/planapplic/Renfrewshire/20/0228/PP/","backup":false,"prime":false,"bess":false,"solar":false,"wind":false}},{"type":"Feature","geometry":{"type":"Point","coordinates":[-4.487609,55.803062]},"properties":{"site_id":"Renfrewshire/25/0329/EIASCR","area":"Renfrewshire","state":"Withdrawn","type":null,"n_apps":2,"year":2025,"agent":"AAH Consultants","description":"Request for an Environmental Impact Assessment Screening Opinion for a flexible data centre campus, including ancillary offices/employment floorspace, internal/external plant and equipment, on-site wastewater pumping station, and emergency back-up generators a","link":"https://www.planit.org.uk/planapplic/Renfrewshire/25/0335/EIASCR/","backup":false,"prime":false,"bess":false,"solar":false,"wind":false}},{"type":"Feature","geometry":{"type":"Point","coordinates":[-3.364682,51.53059]},"properties":{"site_id":"Rhondda/25/0138/FUL","area":"Rhondda","state":"Undecided","type":"Full","n_apps":2,"year":2025,"agent":"CarneySweeney","description":"Erection of a 21,490sqm Class B8 data centre with associated access, parking, drainage, landscaping, services and utilities.","link":"https://www.planit.org.uk/planapplic/Rhondda/26/0404/FUL/","backup":false,"prime":false,"bess":true,"solar":true,"wind":false}},{"type":"Feature","geometry":{"type":"Point","coordinates":[-3.271715,51.562891]},"properties":{"site_id":"Rhondda/25/0382/LDO","area":"Rhondda","state":"Undecided","type":"Full","n_apps":2,"year":2025,"agent":"Quod","description":"Change of use from Office (Use Class E) to Data Centre (Use Class B8), alongside external works, associated infrastructure, parking and servicing, and landscaping.","link":"https://www.planit.org.uk/planapplic/Rhondda/25/0981/FUL/","backup":false,"prime":false,"bess":false,"solar":false,"wind":false}},{"type":"Feature","geometry":{"type":"Point","coordinates":[-0.318853,51.407465]},"properties":{"site_id":"Richmond/07/0081/CON","area":"Richmond","state":"Permitted","type":"Outline","n_apps":2,"year":2007,"agent":null,"description":"Change Of Use From Class B8 (Distribution Warehouse) To Class B1 (New Data Centre) Incorporating 4 x New Data Halls. Extensions To The Existing Building To House 3 Generators And Installation Of 2 X 50,000 Litre Underground Fuel/Oil Storage Tanks To The Wareho","link":"https://www.planit.org.uk/planapplic/Richmond/07/2327/CON/","backup":false,"prime":false,"bess":false,"solar":false,"wind":false}},{"type":"Feature","geometry":{"type":"Point","coordinates":[-2.153442,53.620947]},"properties":{"site_id":"Rochdale/07/D49111","area":"Rochdale","state":"Conditions","type":"Full","n_apps":1,"year":2007,"agent":null,"description":"Installation Of Replacement Generators In Car Parking Area Of Existing Data Centre","link":"https://www.planit.org.uk/planapplic/Rochdale/07/D49111/","backup":false,"prime":false,"bess":false,"solar":false,"wind":false}},{"type":"Feature","geometry":{"type":"Point","coordinates":[-2.15942,53.602749]},"properties":{"site_id":"Rochdale/12/D55218","area":"Rochdale","state":"Conditions","type":"Full","n_apps":1,"year":2012,"agent":"Sudlows Ltd","description":"Extension To Existing Data Centre To Incorporate A Diesel Power System And Air Conditioning Plant Compound - Part Retrospective","link":"https://www.planit.org.uk/planapplic/Rochdale/12/D55218/","backup":false,"prime":false,"bess":false,"solar":false,"wind":false}},{"type":"Feature","geometry":{"type":"Point","coordinates":[-2.24562,53.569273]},"properties":{"site_id":"Rochdale/25/00418/OUT","area":"Rochdale","state":"Undecided","type":"Outline","n_apps":2,"year":2025,"agent":"Turley","description":"Application for outline planning permission (all matters reserved) for a national-scale employment development, comprising Storage & Distribution (Use Class B8) and Industrial (Use Classes B2, E(g)(ii) and E (g)(iii)) uses (including, but not limited to, Logis","link":"https://www.planit.org.uk/planapplic/Rochdale/25/00418/OUT/","backup":false,"prime":false,"bess":false,"solar":false,"wind":false}},{"type":"Feature","geometry":{"type":"Point","coordinates":[-2.190634,53.554623]},"properties":{"site_id":"Rochdale/PL/2026/0034","area":"Rochdale","state":"Undecided","type":"Full","n_apps":1,"year":2026,"agent":null,"description":"Change of use from vacant industrial yard to Modular Data Centre comprising four prefabricated modular units with chiller units on the roof, two transformers, external steps to roof and 2.4m high palisade boundary fencing","link":"https://www.planit.org.uk/planapplic/Rochdale/PL/2026/0034/","backup":false,"prime":false,"bess":false,"solar":false,"wind":false}},{"type":"Feature","geometry":{"type":"Point","coordinates":[0.702241,51.584076]},"properties":{"site_id":"Rochford/14/00149/FUL","area":"Rochford","state":"Permitted","type":"Full","n_apps":1,"year":2014,"agent":null,"description":"Proposed detached flat roofed building for use as data centre for Rochford Hospital enclosed by close-boarded fencing","link":"https://www.planit.org.uk/planapplic/Rochford/14/00149/FUL/","backup":false,"prime":false,"bess":false,"solar":false,"wind":false}},{"type":"Feature","geometry":{"type":"Point","coordinates":[-0.59232,51.381699]},"properties":{"site_id":"Runnymede/RU.25/1538","area":"Runnymede","state":"Permitted","type":"Full","n_apps":51,"year":2012,"agent":null,"description":"Hybrid planning application for the demolition of existing buildings and redevelopment of the site to provide; up to 79,025sqm (GEA) of Class B1 employment uses (including parking); up to 36,000sqm (GEA) of sui generis Data Centres use (including ancillary fac","link":"https://www.planit.org.uk/planapplic/Runnymede/RU.18/1657/","backup":false,"prime":false,"bess":false,"solar":true,"wind":false}},{"type":"Feature","geometry":{"type":"Point","coordinates":[-1.157905,52.915431]},"properties":{"site_id":"Rushcliffe/20/01229/FUL","area":"Rushcliffe","state":"Conditions","type":"Full","n_apps":1,"year":2020,"agent":null,"description":"Change of use from B8 to use as a data centre, installation of 8 no air-conditioning units, external building modifications and ancillary works and proposed substation","link":"https://www.planit.org.uk/planapplic/Rushcliffe/20/01229/FUL/","backup":false,"prime":false,"bess":false,"solar":false,"wind":false}},{"type":"Feature","geometry":{"type":"Point","coordinates":[-0.788108,51.292942]},"properties":{"site_id":"Rushmoor/07/00904/FUL","area":"Rushmoor","state":"Permitted","type":"Full","n_apps":1,"year":2007,"agent":null,"description":"Variation of condition 2 of planning consent 00/00366/FUL to allow retention of mezzanine floor to facilitate continued use of building as a data centre","link":"https://www.planit.org.uk/planapplic/Rushmoor/07/00904/FUL/","backup":false,"prime":false,"bess":false,"solar":false,"wind":false}},{"type":"Feature","geometry":{"type":"Point","coordinates":[-2.306233,53.475671]},"properties":{"site_id":"Salford/22/79882/FUL","area":"Salford","state":"Permitted","type":"Full","n_apps":1,"year":2022,"agent":"CBRE","description":"Full planning permission for the demolition of Broadway House, site clearance works and the development of two Data Centre (Sui Generis) buildings and substation, with associated infrastructure, access, landscaping, servicing and parking.","link":"https://www.planit.org.uk/planapplic/Salford/22/79882/FUL/","backup":false,"prime":false,"bess":false,"solar":false,"wind":false}},{"type":"Feature","geometry":{"type":"Point","coordinates":[-2.304123,53.507046]},"properties":{"site_id":"Salford/PA/2023/0478","area":"Salford","state":"Permitted","type":"Full","n_apps":2,"year":2020,"agent":"Arup","description":"conversion of 2 existing warehouses into data centres, including the alteration of parking spaces, installation of additional foundations to support a mezzanine and first floor, external fire exit stairways, elevational alterations and extension of office spac","link":"https://www.planit.org.uk/planapplic/Salford/20/75336/FUL/","backup":false,"prime":false,"bess":false,"solar":false,"wind":false}},{"type":"Feature","geometry":{"type":"Point","coordinates":[-2.37662,53.473606]},"properties":{"site_id":"Salford/PA/2024/1810","area":"Salford","state":"Conditions","type":"Full","n_apps":1,"year":2024,"agent":null,"description":"Demolition of all existing structures, land remediation and redevelopment for an employment scheme including the erection of a data centre (class B8) and ancillary office (class E), alongside substations, plant, and associated parking, servicing, landscaping, ","link":"https://www.planit.org.uk/planapplic/Salford/PA/2024/1810/","backup":false,"prime":false,"bess":false,"solar":false,"wind":false}},{"type":"Feature","geometry":{"type":"Point","coordinates":[-2.745802,55.596569]},"properties":{"site_id":"ScottishBorders/19/01534/FUL","area":"Scottish Borders","state":"Conditions","type":"Full","n_apps":1,"year":2019,"agent":null,"description":"Installation of resilient data centre facility building, 4 No air condensing units, 1 No generator and erection of security fence","link":"https://www.planit.org.uk/planapplic/ScottishBorders/19/01534/FUL/","backup":false,"prime":false,"bess":false,"solar":false,"wind":false}},{"type":"Feature","geometry":{"type":"Point","coordinates":[-2.359202,55.682944]},"properties":{"site_id":"ScottishBorders/25/00556/SCR","area":"Scottish Borders","state":"Permitted","type":"Outline","n_apps":1,"year":2025,"agent":"Bethany Scott BSc (Hons), MRTPI","description":"Erection of data centre campus","link":"https://www.planit.org.uk/planapplic/ScottishBorders/25/00556/SCR/","backup":false,"prime":false,"bess":true,"solar":true,"wind":false}},{"type":"Feature","geometry":{"type":"Point","coordinates":[-2.524746,55.788751]},"properties":{"site_id":"ScottishBorders/26/01031/SCO","area":"Scottish Borders","state":"Undecided","type":"Outline","n_apps":3,"year":2025,"agent":"James Lightbody","description":"Erection of data centre comprising of three data centre buildings with associated infrastucture","link":"https://www.planit.org.uk/planapplic/ScottishBorders/26/01031/SCO/","backup":true,"prime":false,"bess":true,"solar":false,"wind":false}},{"type":"Feature","geometry":{"type":"Point","coordinates":[-2.969183,53.472177]},"properties":{"site_id":"Sefton/DC/2025/01324","area":"Sefton","state":"Undecided","type":"Full","n_apps":2,"year":2025,"agent":"Turley","description":"Demolition of all existing buildings and construction of a new building, comprising two two-storey data centre halls (Use Class B8 / Sui Generis), connected by a central three-storey block housing ancillary office floorspace and associated amenity and storage ","link":"https://www.planit.org.uk/planapplic/Sefton/DC/2025/01324/","backup":false,"prime":false,"bess":false,"solar":false,"wind":false}},{"type":"Feature","geometry":{"type":"Point","coordinates":[-2.957465,53.481683]},"properties":{"site_id":"Sefton/DC/2025/01974","area":"Sefton","state":"Conditions","type":"Full","n_apps":1,"year":2026,"agent":null,"description":"Construction and operation of a data centre","link":"https://www.planit.org.uk/planapplic/Sefton/DC/2025/01974/","backup":false,"prime":false,"bess":false,"solar":false,"wind":false}},{"type":"Feature","geometry":{"type":"Point","coordinates":[-1.125007,53.713532]},"properties":{"site_id":"Selby/ZG2024/0437/REMM","area":"Selby","state":"Permitted","type":"Outline","n_apps":1,"year":2024,"agent":"Cundall","description":"Reserved matters application including scale, layout, landscaping and appearance relating to plot 4 and part of plot 3 as shown on approved illustrative masterplan related to hybrid application reference 2019/1343/EIA Proposed ground works/site preparation, er","link":"https://www.planit.org.uk/planapplic/Selby/ZG2024/0437/REMM/","backup":false,"prime":false,"bess":false,"solar":false,"wind":false}},{"type":"Feature","geometry":{"type":"Point","coordinates":[-0.996751,53.741973]},"properties":{"site_id":"Selby/ZG2025/1247/SCN","area":"Selby","state":"Permitted","type":"Outline","n_apps":1,"year":2025,"agent":"Newmark","description":"EIA Screening Opinion in relation to the erection of a data centre (Use Class B8) with ancillary office space, external plant, site access, parking, cabling, landscaping and associated works","link":"https://www.planit.org.uk/planapplic/Selby/ZG2025/1247/SCN/","backup":false,"prime":false,"bess":false,"solar":false,"wind":false}},{"type":"Feature","geometry":{"type":"Point","coordinates":[0.154887,51.310599]},"properties":{"site_id":"Sevenoaks/06/03157/FUL","area":"Sevenoaks","state":"Permitted","type":"Full","n_apps":1,"year":2006,"agent":null,"description":"Change of use of units 11-14 from B8 and B1 (warehousing and office) to B1(data centre)","link":"https://www.planit.org.uk/planapplic/Sevenoaks/06/03157/FUL/","backup":false,"prime":false,"bess":false,"solar":false,"wind":false}},{"type":"Feature","geometry":{"type":"Point","coordinates":[-1.405245,53.402955]},"properties":{"site_id":"Sheffield/05/03602/FUL","area":"Sheffield","state":"Permitted","type":"Full","n_apps":1,"year":2005,"agent":null,"description":"Erection of a single storey building for use as a data centre (Sui Generis use) and for storage and distribution (B8 use class)","link":"https://www.planit.org.uk/planapplic/Sheffield/05/03602/FUL/","backup":false,"prime":false,"bess":false,"solar":true,"wind":false}},{"type":"Feature","geometry":{"type":"Point","coordinates":[-1.453821,53.451591]},"properties":{"site_id":"Sheffield/07/01422/LD2","area":"Sheffield","state":"Permitted","type":"Outline","n_apps":2,"year":2007,"agent":null,"description":"Erection of a data centre","link":"https://www.planit.org.uk/planapplic/Sheffield/07/02318/REM/","backup":false,"prime":false,"bess":false,"solar":false,"wind":false}},{"type":"Feature","geometry":{"type":"Point","coordinates":[-1.401146,53.415321]},"properties":{"site_id":"Sheffield/19/03085/FUL","area":"Sheffield","state":"Rejected","type":"Full","n_apps":1,"year":2019,"agent":null,"description":"Erection of 2x single-storey buildings (Use Class B8 - storage) to house a data centre including 12x air conditioning units, 2x generators, provision of a access gates and 2.4m high fencing","link":"https://www.planit.org.uk/planapplic/Sheffield/19/03085/FUL/","backup":false,"prime":false,"bess":false,"solar":false,"wind":false}},{"type":"Feature","geometry":{"type":"Point","coordinates":[-1.418322,53.383685]},"properties":{"site_id":"Sheffield/20/01276/FUL","area":"Sheffield","state":"Permitted","type":"Full","n_apps":1,"year":2020,"agent":null,"description":"Erection of 2x single-storey buildings (Use Class B8 - storage) to house a data centre including 12x air conditioning units, 2x generators, provision of a access gates and 2.4m high fencing","link":"https://www.planit.org.uk/planapplic/Sheffield/20/01276/FUL/","backup":false,"prime":false,"bess":false,"solar":false,"wind":false}},{"type":"Feature","geometry":{"type":"Point","coordinates":[-1.448322,53.398362]},"properties":{"site_id":"Sheffield/20/03308/FUL","area":"Sheffield","state":"Permitted","type":"Full","n_apps":1,"year":2020,"agent":null,"description":"Change of use of unit to Use Class B8 (Storage) to house a data centre including 12 x air conditioning units and 2 x generators (sui generis)","link":"https://www.planit.org.uk/planapplic/Sheffield/20/03308/FUL/","backup":false,"prime":false,"bess":false,"solar":false,"wind":false}},{"type":"Feature","geometry":{"type":"Point","coordinates":[-1.445561,53.401306]},"properties":{"site_id":"Sheffield/20/04065/FUL","area":"Sheffield","state":"Permitted","type":"Full","n_apps":1,"year":2020,"agent":null,"description":"Erection of 2x data centre cabins together with the installation of 12x air conditioning units, 2x generators contained within an outdoor compound and associated works","link":"https://www.planit.org.uk/planapplic/Sheffield/20/04065/FUL/","backup":false,"prime":false,"bess":false,"solar":false,"wind":false}},{"type":"Feature","geometry":{"type":"Point","coordinates":[-1.471345,53.362098]},"properties":{"site_id":"Sheffield/21/00903/FUL","area":"Sheffield","state":"Permitted","type":"Full","n_apps":1,"year":2021,"agent":null,"description":"Change of use to Use Class B8 (Storage) to house a data centre including erection of a single-storey building, insertion of 6no. louvred vents on east and west elevations, 2 no. fire doors, 4no. collapsible security bollards, 5no. air conditioning units, 1no. ","link":"https://www.planit.org.uk/planapplic/Sheffield/21/00903/FUL/","backup":false,"prime":false,"bess":false,"solar":false,"wind":false}},{"type":"Feature","geometry":{"type":"Point","coordinates":[-1.468492,53.366777]},"properties":{"site_id":"Sheffield/21/04359/FUL","area":"Sheffield","state":"Permitted","type":"Full","n_apps":1,"year":2021,"agent":null,"description":"Erection of 2x data centre cabins with associated fencing and access and provision of two generators at the north and south-east elevations","link":"https://www.planit.org.uk/planapplic/Sheffield/21/04359/FUL/","backup":false,"prime":false,"bess":false,"solar":false,"wind":false}},{"type":"Feature","geometry":{"type":"Point","coordinates":[-1.440698,53.339702]},"properties":{"site_id":"Sheffield/22/00975/FUL","area":"Sheffield","state":"Rejected","type":"Full","n_apps":1,"year":2022,"agent":null,"description":"Erection of 2x datacentre cabins (Use Class B8) and formation of new vehicular access from Raeburn Road and a 2.4m high fencing","link":"https://www.planit.org.uk/planapplic/Sheffield/22/00975/FUL/","backup":false,"prime":false,"bess":false,"solar":false,"wind":false}},{"type":"Feature","geometry":{"type":"Point","coordinates":[-1.448284,53.393139]},"properties":{"site_id":"Sheffield/22/01645/CHU","area":"Sheffield","state":"Permitted","type":"Amendment","n_apps":1,"year":2022,"agent":null,"description":"Change of use of data centre (Use Class B8) to a use comprising Use Class E(g)(iii) and/or Use Class B2 and/or Use Class B8 (Amended description)","link":"https://www.planit.org.uk/planapplic/Sheffield/22/01645/CHU/","backup":false,"prime":false,"bess":false,"solar":false,"wind":false}},{"type":"Feature","geometry":{"type":"Point","coordinates":[-0.616495,51.515794]},"properties":{"site_id":"Slough/P/00348/009","area":"Slough","state":"Conditions","type":"Full","n_apps":2,"year":2015,"agent":null,"description":"Proposed installation of solar photovoltaic panels with a generating capacity of 1.6 megawatt peak on existing roof slope of a data centre.","link":"https://www.planit.org.uk/planapplic/Slough/P/00348/008/","backup":false,"prime":false,"bess":false,"solar":false,"wind":false}},{"type":"Feature","geometry":{"type":"Point","coordinates":[-0.630521,51.517151]},"properties":{"site_id":"Slough/P/00730/087","area":"Slough","state":"Conditions","type":"Full","n_apps":2,"year":2018,"agent":null,"description":"Redevelopment of the site comprising the construction of a Data Centre (Sui Generis), including ancillary offices, emergency generators and flues, vehicle and cycle parking, drainage infrastructure, boundary treatments, landscaping and other ancillary works.","link":"https://www.planit.org.uk/planapplic/Slough/P/00730/091/","backup":false,"prime":false,"bess":false,"solar":false,"wind":false}},{"type":"Feature","geometry":{"type":"Point","coordinates":[-0.619813,51.517134]},"properties":{"site_id":"Slough/P/01123/003","area":"Slough","state":"Conditions","type":"Full","n_apps":4,"year":2021,"agent":null,"description":"Additional external ancillary plant to serve Cyxtera data centre","link":"https://www.planit.org.uk/planapplic/Slough/P/01123/003/","backup":false,"prime":false,"bess":false,"solar":false,"wind":false}},{"type":"Feature","geometry":{"type":"Point","coordinates":[-0.633555,51.525471]},"properties":{"site_id":"Slough/P/02933/009","area":"Slough","state":"Conditions","type":"Full","n_apps":3,"year":2018,"agent":null,"description":"Construction of a Data Centre with ancillary office space together with hard and soft landscaping, associated plant, infrastructure and utilities, car parking, associated site clearance, demolition, engineering works, ground works, and site access via Dundee R","link":"https://www.planit.org.uk/planapplic/Slough/P/20054/001/","backup":false,"prime":false,"bess":false,"solar":false,"wind":false}},{"type":"Feature","geometry":{"type":"Point","coordinates":[-0.62312,51.521687]},"properties":{"site_id":"Slough/P/04829/030","area":"Slough","state":"Conditions","type":"Full","n_apps":5,"year":2014,"agent":null,"description":"Installation of 28no 2m high lighting protection finials at roof level of existing data centre that will exceed the SPZ height limit of 23m","link":"https://www.planit.org.uk/planapplic/Slough/P/04829/030/","backup":false,"prime":false,"bess":false,"solar":false,"wind":false}},{"type":"Feature","geometry":{"type":"Point","coordinates":[-0.517895,51.477809]},"properties":{"site_id":"Slough/P/10914/005","area":"Slough","state":"Referred","type":"Full","n_apps":1,"year":2002,"agent":null,"description":"ERECTION OF A DATA CENTRE 29.206M2 (4 STOREY) (THE ELECTRONIC STORAGE AND DISTRIBUTION OF DATA), ELECTRICITY SUB-STATION, PROVISION OF 62 CAR PARKING SPACES, SERVICE YARDS AND PROVISION OF LANDSCAPING (AMENDED PLANS DATED 29/10/02)","link":"https://www.planit.org.uk/planapplic/Slough/P/10914/005/","backup":false,"prime":false,"bess":false,"solar":false,"wind":false}},{"type":"Feature","geometry":{"type":"Point","coordinates":[-0.585851,51.508007]},"properties":{"site_id":"Slough/P/11442/011","area":"Slough","state":"Conditions","type":"Full","n_apps":14,"year":2012,"agent":null,"description":"CHANGE OF USE OF BUILDING FROM POSTAL SORTING OFFICE (SUI GENERIS) TO DATA CENTRE (CLASS B8), INSTALLATION OF PLANT AND MACHINERY AND INSTALLATION OF LOUVRES ON ALL ELEVATIONS DEMOLITION OF SINGLE STOREY STRUCTURES AND ERECTION OF NEW BOUNDARY WALL TO THE REAR","link":"https://www.planit.org.uk/planapplic/Slough/P/06629/020/","backup":false,"prime":false,"bess":false,"solar":false,"wind":false}},{"type":"Feature","geometry":{"type":"Point","coordinates":[-0.621455,51.524796]},"properties":{"site_id":"Slough/P/16020/001","area":"Slough","state":"Conditions","type":"Full","n_apps":1,"year":2016,"agent":null,"description":"Change of use from D1 (training centre) to B1(B), B1(C), B2, B8 and colocation.","link":"https://www.planit.org.uk/planapplic/Slough/P/16020/001/","backup":false,"prime":false,"bess":false,"solar":false,"wind":false}},{"type":"Feature","geometry":{"type":"Point","coordinates":[-0.513527,51.510586]},"properties":{"site_id":"Slough/P/19953/004","area":"Slough","state":"Undecided","type":"Full","n_apps":7,"year":2022,"agent":null,"description":"Full planning permission for new emergency access route via Hollow Hill Lane, landscaping, boundary treatment and access gates forming part of the cross-boundary application (ref: PL/25/4316/FA) with Buckinghamshire Council for - Demolition of the existing bui","link":"https://www.planit.org.uk/planapplic/Slough/P/19953/004/","backup":false,"prime":false,"bess":false,"solar":false,"wind":false}},{"type":"Feature","geometry":{"type":"Point","coordinates":[-0.517486,51.509069]},"properties":{"site_id":"Slough/SMI/2026/6","area":"Buckinghamshire","state":"Undecided","type":"Full","n_apps":8,"year":2022,"agent":"AECOM","description":"Demolition of the existing building and structures on site, and all other associated site clearance works. Construction of two data centre buildings (Class B8) with ancillary offices, associated plant, equipment and emergency backup generators, ancillary build","link":"https://www.planit.org.uk/planapplic/Bucks/PL/25/4316/FA/","backup":true,"prime":false,"bess":false,"solar":true,"wind":false}},{"type":"Feature","geometry":{"type":"Point","coordinates":[-0.627873,51.520861]},"properties":{"site_id":"Slough/T/123","area":"Slough","state":"Permitted","type":null,"n_apps":3,"year":2015,"agent":null,"description":"Development of a detached warehouse unit with (ancillary first floor office accommodation) B1 B2 B8 AND Data Centre.","link":"https://www.planit.org.uk/planapplic/Slough/T/145(SPZ/119/19)/","backup":false,"prime":false,"bess":false,"solar":false,"wind":false}},{"type":"Feature","geometry":{"type":"Point","coordinates":[-0.640548,51.523945]},"properties":{"site_id":"Slough/T/126","area":"Slough","state":"Permitted","type":null,"n_apps":1,"year":2017,"agent":null,"description":"Detached building for industrial, warehouse and data centre use.","link":"https://www.planit.org.uk/planapplic/Slough/T/126/","backup":false,"prime":false,"bess":false,"solar":false,"wind":false}},{"type":"Feature","geometry":{"type":"Point","coordinates":[-0.619381,51.519218]},"properties":{"site_id":"Slough/T/135","area":"Slough","state":"Permitted","type":null,"n_apps":1,"year":2018,"agent":null,"description":"Single building for data centre development","link":"https://www.planit.org.uk/planapplic/Slough/T/135/","backup":false,"prime":false,"bess":false,"solar":false,"wind":false}},{"type":"Feature","geometry":{"type":"Point","coordinates":[-1.723087,52.467772]},"properties":{"site_id":"Solihull/PL/2006/01527/FULL","area":"Solihull","state":"Permitted","type":"Full","n_apps":1,"year":2006,"agent":null,"description":"Erection of two new compounds to screen new generators and new transformer for upgrade of data centre.","link":"https://www.planit.org.uk/planapplic/Solihull/PL/2006/01527/FULL/","backup":false,"prime":false,"bess":false,"solar":false,"wind":false}},{"type":"Feature","geometry":{"type":"Point","coordinates":[-1.777662,52.435574]},"properties":{"site_id":"Solihull/PL/2011/01758/FULM","area":"Solihull","state":"Permitted","type":"Full","n_apps":3,"year":2011,"agent":"WSP","description":"Provision of a data centre, hardstanding and associated plant.","link":"https://www.planit.org.uk/planapplic/Solihull/PL/2024/01272/PPFL/","backup":false,"prime":false,"bess":true,"solar":false,"wind":false}},{"type":"Feature","geometry":{"type":"Point","coordinates":[-1.775236,52.413681]},"properties":{"site_id":"Solihull/PL/2014/02699/FULL","area":"Solihull","state":"Permitted","type":"Full","n_apps":1,"year":2014,"agent":null,"description":"Relocation of existing data centre and solprint services into the centre of the existing civic suite upper car park with external alterations.","link":"https://www.planit.org.uk/planapplic/Solihull/PL/2014/02699/FULL/","backup":false,"prime":false,"bess":false,"solar":false,"wind":false}},{"type":"Feature","geometry":{"type":"Point","coordinates":[0.184613,52.182978]},"properties":{"site_id":"SouthCambs/23/03182/S73","area":"Cambridge","state":"Undecided","type":"Outline","n_apps":4,"year":2021,"agent":"Bidwells LLP","description":"A hybrid planning application for a total of 56,473sqm of commercial floorspace for Use Classes E(g) i (offices), ii (research and development), ii (light industrial) and B8 (storage and distribution - limited to data centres) uses. Comprising a) an Outline Ap","link":"https://www.planit.org.uk/planapplic/Cambridge/21/00772/OUT/","backup":false,"prime":false,"bess":false,"solar":true,"wind":false}},{"type":"Feature","geometry":{"type":"Point","coordinates":[0.185558,52.078679]},"properties":{"site_id":"SouthCambs/S/2284/10","area":"South Cambridgeshire","state":"Permitted","type":"Conditions","n_apps":1,"year":2010,"agent":"Porta Planning LLP","description":"Data Centre and Energy Centre plant including flue extensions","link":"https://www.planit.org.uk/planapplic/SouthCambs/S/2284/10/","backup":false,"prime":false,"bess":false,"solar":false,"wind":false}},{"type":"Feature","geometry":{"type":"Point","coordinates":[0.64477,51.570168]},"properties":{"site_id":"Southend/19/00237/FUL","area":"Southend","state":"Conditions","type":"Full","n_apps":1,"year":2019,"agent":"WYG","description":"Demolish existing industrial buildings. install two containers, 12 air conditioning units, generator enclosures, meter cabinet for use as data centre (Class B8) and erect 2.4m high mesh fence","link":"https://www.planit.org.uk/planapplic/Southend/19/00237/FUL/","backup":false,"prime":false,"bess":false,"solar":false,"wind":false}},{"type":"Feature","geometry":{"type":"Point","coordinates":[-2.639592,51.546577]},"properties":{"site_id":"SouthGloucestershire/P19/3005/CLP","area":"South Gloucestershire","state":"Conditions","type":"Outline","n_apps":1,"year":2019,"agent":null,"description":"Subdivision of Storage and Distribution warehouse (Class B8) to form Data Centre (Class B8).","link":"https://www.planit.org.uk/planapplic/SouthGloucestershire/P19/3005/CLP/","backup":false,"prime":false,"bess":false,"solar":false,"wind":false}},{"type":"Feature","geometry":{"type":"Point","coordinates":[-2.573556,51.539528]},"properties":{"site_id":"SouthGloucestershire/P22/04138/F","area":"South Gloucestershire","state":"Conditions","type":"Full","n_apps":1,"year":2022,"agent":null,"description":"Erection of Development of Data Centre building with associated infrastructure.","link":"https://www.planit.org.uk/planapplic/SouthGloucestershire/P22/04138/F/","backup":false,"prime":false,"bess":false,"solar":false,"wind":false}},{"type":"Feature","geometry":{"type":"Point","coordinates":[-2.442133,51.538451]},"properties":{"site_id":"SouthGloucestershire/P25/02634/RVC","area":"South Gloucestershire","state":"Conditions","type":"Full","n_apps":4,"year":2024,"agent":null,"description":"Erection of a single storey extension to form enlarged data centre with associated external plant and enclosures.","link":"https://www.planit.org.uk/planapplic/SouthGloucestershire/P24/02011/F/","backup":false,"prime":false,"bess":false,"solar":true,"wind":false}},{"type":"Feature","geometry":{"type":"Point","coordinates":[-2.562155,51.507169]},"properties":{"site_id":"SouthGloucestershire/PT07/1361/F","area":"South Gloucestershire","state":"Conditions","type":"Full","n_apps":1,"year":2007,"agent":"DPDS Regional","description":"Change of use to internet service provider data centre (Sui Generis). Erection of perimeter fence and installation of plant","link":"https://www.planit.org.uk/planapplic/SouthGloucestershire/PT07/1361/F/","backup":false,"prime":false,"bess":false,"solar":false,"wind":false}},{"type":"Feature","geometry":{"type":"Point","coordinates":[-2.575917,51.51068]},"properties":{"site_id":"SouthGloucestershire/PT11/2021/RM","area":"South Gloucestershire","state":"Conditions","type":"Outline","n_apps":1,"year":2011,"agent":null,"description":"Erection of 4-storey Office Building (B1); Energy Centre/Staff Changing Facilities Building; and Data Centre. Associated landscaping, infrastructure and parking. (Approval of reserved matters to be read in conjunction with outline planning permission ref: PT05","link":"https://www.planit.org.uk/planapplic/SouthGloucestershire/PT11/2021/RM/","backup":false,"prime":false,"bess":false,"solar":false,"wind":false}},{"type":"Feature","geometry":{"type":"Point","coordinates":[-2.575925,51.512506]},"properties":{"site_id":"SouthGloucestershire/PT12/0271/RM","area":"South Gloucestershire","state":"Conditions","type":"Outline","n_apps":1,"year":2012,"agent":null,"description":"Erection of a Data Centre with supporting external plant compound and associated parking. (Approval of Reserved Matters to be read in conjunction with planning permission PT05/0749/O and PT08/2849/RVC).","link":"https://www.planit.org.uk/planapplic/SouthGloucestershire/PT12/0271/RM/","backup":false,"prime":false,"bess":false,"solar":false,"wind":false}},{"type":"Feature","geometry":{"type":"Point","coordinates":[-3.845637,55.606503]},"properties":{"site_id":"SouthLanarkshire/P/18/0013/PAN","area":"South Lanarkshire","state":"Permitted","type":"Outline","n_apps":2,"year":2018,"agent":"G. D. Lodge Architects LLP","description":"Erection of data centre (Class 4 Business) and associated 12MW Solar farm and 7.5MW gas turbine with light industrial (Class 5) area and associated infrastructure (Planning permission in principle)","link":"https://www.planit.org.uk/planapplic/SouthLanarkshire/P/19/0896/","backup":false,"prime":true,"bess":false,"solar":true,"wind":false}},{"type":"Feature","geometry":{"type":"Point","coordinates":[-4.07286,55.741923]},"properties":{"site_id":"SouthLanarkshire/P/25/0490","area":"South Lanarkshire","state":"Permitted","type":"Outline","n_apps":1,"year":2025,"agent":null,"description":"Proposed data centre campus including ancillary offices/employment floorspace,internal/external plant and equipment, emergency back up generators, associated fuel storage, a Battery Energy Storage System (BESS) along with internal roads and parking, hard and s","link":"https://www.planit.org.uk/planapplic/SouthLanarkshire/P/25/0490/","backup":false,"prime":false,"bess":true,"solar":true,"wind":false}},{"type":"Feature","geometry":{"type":"Point","coordinates":[1.222152,52.624199]},"properties":{"site_id":"SouthNorfolkBroadland/2024/0841","area":"South Norfolk Broadland","state":"Conditions","type":"Outline","n_apps":1,"year":2024,"agent":"Lanpro Services Limited","description":"Reserved matters application following the grant of outline permission 2012/1477 for a data centre and combined heat and power facility (CHP), access road, associated services and landscaping for Norwich BioScience Institutes and discharge of outline condition","link":"https://www.planit.org.uk/planapplic/SouthNorfolkBroadland/2024/0841/","backup":false,"prime":true,"bess":false,"solar":false,"wind":false}},{"type":"Feature","geometry":{"type":"Point","coordinates":[-2.142604,52.634609]},"properties":{"site_id":"SouthStaffordshire/14/00764/REM","area":"South Staffordshire","state":"Conditions","type":"Outline","n_apps":1,"year":2014,"agent":null,"description":"Building siting, design and external appearance of a Data Centre plant module","link":"https://www.planit.org.uk/planapplic/SouthStaffordshire/14/00764/REM/","backup":false,"prime":false,"bess":false,"solar":false,"wind":false}},{"type":"Feature","geometry":{"type":"Point","coordinates":[-1.43591,54.992102]},"properties":{"site_id":"SouthTyneside/ST/0385/20/FUL","area":"South Tyneside","state":"Conditions","type":"Full","n_apps":1,"year":2020,"agent":null,"description":"Full planning permission for Use Class B8 (storage and distribution) building use, external building modifications and ancillary works, enabling use of building as data centre","link":"https://www.planit.org.uk/planapplic/SouthTyneside/ST/0385/20/FUL/","backup":false,"prime":false,"bess":false,"solar":false,"wind":false}},{"type":"Feature","geometry":{"type":"Point","coordinates":[-0.40254,51.710557]},"properties":{"site_id":"StAlbans/5/2023/1421","area":"Three Rivers","state":"Rejected","type":"Outline","n_apps":2,"year":2023,"agent":null,"description":"Outline application: Demolition and clearance of existing buildings and hardstandings to allow for the construction of a data centre of up to 84,000 sqm (GEA) delivered across 2no. buildings, engineering operations and earthworks to create development platform","link":"https://www.planit.org.uk/planapplic/ThreeRivers/23/1068/OUT/","backup":true,"prime":false,"bess":true,"solar":true,"wind":false}},{"type":"Feature","geometry":{"type":"Point","coordinates":[-0.218632,51.903264]},"properties":{"site_id":"Stevenage/17/00549/FPM","area":"Stevenage","state":"Permitted","type":"Full","n_apps":1,"year":2017,"agent":null,"description":"Single storey extension to existing Data Centre","link":"https://www.planit.org.uk/planapplic/Stevenage/17/00549/FPM/","backup":false,"prime":false,"bess":false,"solar":false,"wind":false}},{"type":"Feature","geometry":{"type":"Point","coordinates":[-0.207586,51.894104]},"properties":{"site_id":"Stevenage/19/00660/FP","area":"Stevenage","state":"Permitted","type":"Full","n_apps":4,"year":2018,"agent":null,"description":"Erection of data centre building with associated plant enclosures and hard landscaping","link":"https://www.planit.org.uk/planapplic/Stevenage/19/00660/FP/","backup":false,"prime":false,"bess":false,"solar":false,"wind":false}},{"type":"Feature","geometry":{"type":"Point","coordinates":[-0.198548,51.886781]},"properties":{"site_id":"Stevenage/23/00666/FP","area":"Stevenage","state":"Permitted","type":"Full","n_apps":1,"year":2023,"agent":null,"description":"Installation of new Data Centre security fence, external lighting, CCTV columns and associated works.","link":"https://www.planit.org.uk/planapplic/Stevenage/23/00666/FP/","backup":false,"prime":false,"bess":false,"solar":false,"wind":false}},{"type":"Feature","geometry":{"type":"Point","coordinates":[-2.178908,53.408193]},"properties":{"site_id":"Stockport/DC/051224","area":"Stockport","state":"Permitted","type":"Full","n_apps":1,"year":2012,"agent":"Euan Kellie Property Solutions","description":"Erection of a single storey data centre and mezzanine plant room (Use Class B1,B2 and B8) along with other associated works.","link":"https://www.planit.org.uk/planapplic/Stockport/DC/051224/","backup":false,"prime":false,"bess":false,"solar":false,"wind":false}},{"type":"Feature","geometry":{"type":"Point","coordinates":[-2.163822,53.451584]},"properties":{"site_id":"Stockport/DC/088924","area":"Stockport","state":"Permitted","type":"Full","n_apps":2,"year":2023,"agent":"JLL","description":"Demolition and redevelopment of the existing industrial/warehouse and associated service yard, and the erection of a 25,900sqm data centre alongside associated parking, servicing, access and other associated works.","link":"https://www.planit.org.uk/planapplic/Stockport/DC/090411/","backup":false,"prime":false,"bess":false,"solar":false,"wind":false}},{"type":"Feature","geometry":{"type":"Point","coordinates":[-1.319285,54.550177]},"properties":{"site_id":"Stockton/26/0704/DCH","area":"Stockton-on-Tees","state":"Conditions","type":"Full","n_apps":2,"year":2025,"agent":"CREATE Architecture Ltd","description":"Erection of a new data centre comprising of 2no commercial units, external plants, substations to include fencing, landscaping highways access work and associated infrastructure works.","link":"https://www.planit.org.uk/planapplic/Stockton/25/1090/FUL/","backup":false,"prime":false,"bess":false,"solar":true,"wind":false}},{"type":"Feature","geometry":{"type":"Point","coordinates":[-2.183513,53.006329]},"properties":{"site_id":"Stoke/25/FUL/00668","area":"Stoke on Trent","state":"Unknown","type":"Full","n_apps":1,"year":2025,"agent":null,"description":"Conversion of ground floor of Building 4A to remote computing AI data centre and multi-use events space for exhibitions, performances, cultural and community functions for up 3 years. Conversion of the ground floor of Building 4B to two office units and the Up","link":"https://www.planit.org.uk/planapplic/Stoke/25/FUL/00668/","backup":false,"prime":false,"bess":false,"solar":false,"wind":false}},{"type":"Feature","geometry":{"type":"Point","coordinates":[-2.160728,53.010433]},"properties":{"site_id":"Stoke/65328/FUL","area":"Stoke on Trent","state":"Conditions","type":"Full","n_apps":1,"year":2020,"agent":"Waldon Telecom","description":"Change of use to data centre, together with elevational changes (Sui Generis)","link":"https://www.planit.org.uk/planapplic/Stoke/65328/FUL/","backup":false,"prime":false,"bess":false,"solar":false,"wind":false}},{"type":"Feature","geometry":{"type":"Point","coordinates":[-2.181046,53.046829]},"properties":{"site_id":"Stoke/65376/FUL","area":"Stoke on Trent","state":"Conditions","type":"Full","n_apps":1,"year":2020,"agent":"Waldon Telecom","description":"Change of use to data centre, together with elevational changes (Sui Generis)","link":"https://www.planit.org.uk/planapplic/Stoke/65376/FUL/","backup":false,"prime":false,"bess":false,"solar":false,"wind":false}},{"type":"Feature","geometry":{"type":"Point","coordinates":[-2.125791,52.984325]},"properties":{"site_id":"Stoke/65426/FUL","area":"Stoke on Trent","state":"Undecided","type":"Full","n_apps":1,"year":2020,"agent":"WFS Telecom Ltd.","description":"Change of use to storage of electronic data (sui generis), and erection of data centre, together ancillary development comprising installation of 2 fibre cabins, 8 air conditioning units, 2 electricial generators, 1 meter cabinet, 2.4m high palisade fencing an","link":"https://www.planit.org.uk/planapplic/Stoke/65426/FUL/","backup":false,"prime":false,"bess":false,"solar":false,"wind":false}},{"type":"Feature","geometry":{"type":"Point","coordinates":[-2.170433,53.033836]},"properties":{"site_id":"Stoke/65465/FUL","area":"Stoke on Trent","state":"Conditions","type":"Full","n_apps":1,"year":2020,"agent":"WFS Telecom Ltd.","description":"Change of use to data centre (Sui Generis) and elevational alterations","link":"https://www.planit.org.uk/planapplic/Stoke/65465/FUL/","backup":false,"prime":false,"bess":false,"solar":false,"wind":false}},{"type":"Feature","geometry":{"type":"Point","coordinates":[-1.722939,52.199828]},"properties":{"site_id":"StratfordOnAvon/07/02429/FUL","area":"Stratford on Avon","state":"Conditions","type":"Full","n_apps":1,"year":2007,"agent":null,"description":"Alterations to existing building to form new data centre with support facilities","link":"https://www.planit.org.uk/planapplic/StratfordOnAvon/07/02429/FUL/","backup":false,"prime":false,"bess":false,"solar":false,"wind":false}},{"type":"Feature","geometry":{"type":"Point","coordinates":[-1.481314,52.189906]},"properties":{"site_id":"StratfordOnAvon/17/02835/VARY","area":"Stratford on Avon","state":"Conditions","type":"Full","n_apps":3,"year":2015,"agent":null,"description":"Two storey extension to the existing DMO building, relocation of existing chiller compound and storage units, alterations to existing bund and a new data centre (with external generators) and associated works. (Primary Use Class B1.)","link":"https://www.planit.org.uk/planapplic/StratfordOnAvon/15/03920/FUL/","backup":false,"prime":false,"bess":false,"solar":false,"wind":false}},{"type":"Feature","geometry":{"type":"Point","coordinates":[-1.556198,54.899537]},"properties":{"site_id":"Sunderland/06/03572/FUL","area":"Sunderland","state":"Permitted","type":"Full","n_apps":1,"year":2006,"agent":null,"description":"Erection of a new office block to house IT support with open plan offices, data centre and additional 41 parking spaces","link":"https://www.planit.org.uk/planapplic/Sunderland/06/03572/FUL/","backup":false,"prime":false,"bess":false,"solar":false,"wind":false}},{"type":"Feature","geometry":{"type":"Point","coordinates":[-1.435672,54.860809]},"properties":{"site_id":"Sunderland/15/01138/FUL","area":"Sunderland","state":"Permitted","type":"Full","n_apps":2,"year":2015,"agent":null,"description":"Extension to existing data centre facility to provide data storage building with associated external plant areas.","link":"https://www.planit.org.uk/planapplic/Sunderland/15/01138/FUL/","backup":true,"prime":false,"bess":false,"solar":false,"wind":false}},{"type":"Feature","geometry":{"type":"Point","coordinates":[-1.552825,54.883125]},"properties":{"site_id":"Sunderland/21/02374/FU4","area":"Sunderland","state":"Permitted","type":"Full","n_apps":1,"year":2021,"agent":null,"description":"Provision of two s/s data cabins, 6 no. external air conditioning units , 2 no. generators and a meter cabinet with a 2.4m high palisade perimeter compound fence , crash barriers and hardstand access track to Vigo Road to facilitate use as a data centre (Use C","link":"https://www.planit.org.uk/planapplic/Sunderland/21/02374/FU4/","backup":false,"prime":false,"bess":false,"solar":false,"wind":false}},{"type":"Feature","geometry":{"type":"Point","coordinates":[-0.765967,51.333508]},"properties":{"site_id":"SurreyHeath/03/1399","area":"Surrey Heath","state":"Conditions","type":"Full","n_apps":3,"year":2003,"agent":"Montagu Evans LLP","description":"Extension and alteration to existing data centre together with installation of associated plant modifications to part of the existing facade; access and car park layout, boundary treatment and landscaping. (Amendment to SU/2006/0616 to provide increased height","link":"https://www.planit.org.uk/planapplic/SurreyHeath/07/1008/","backup":false,"prime":false,"bess":false,"solar":false,"wind":false}},{"type":"Feature","geometry":{"type":"Point","coordinates":[-0.11918,51.353604]},"properties":{"site_id":"Sutton/DM2019/00368","area":"Croydon","state":"Permitted","type":"Full","n_apps":3,"year":2016,"agent":"CTS International","description":"Erection of an outbuilding to provide an external electrical switchroom for the existing data centre, installation of plant access doors, landing platform, and replacement extraction units, associated alterations","link":"https://www.planit.org.uk/planapplic/Croydon/19/00539/FUL/","backup":false,"prime":false,"bess":false,"solar":false,"wind":false}},{"type":"Feature","geometry":{"type":"Point","coordinates":[-1.840301,51.545912]},"properties":{"site_id":"Swindon/S/09/0903","area":"Swindon","state":"Permitted","type":"Full","n_apps":1,"year":2009,"agent":null,"description":"Change of use from B8 (Storage/ Distribution) to Sui Generis (Data Centre).","link":"https://www.planit.org.uk/planapplic/Swindon/S/09/0903/","backup":false,"prime":false,"bess":false,"solar":false,"wind":false}},{"type":"Feature","geometry":{"type":"Point","coordinates":[-1.7652,51.523046]},"properties":{"site_id":"Swindon/S/21/0518","area":"Swindon","state":"Permitted","type":"Full","n_apps":8,"year":2020,"agent":"RPS","description":"Section 73 Application for minor revisions and updates to planning permission S/21/0518/PEEG granted on 9th August 2021 for Erection of a replacement Data Centre (containing data halls, associated electrical and AHU Plant Rooms, loading bay, maintenance and st","link":"https://www.planit.org.uk/planapplic/Swindon/S/21/1760/","backup":true,"prime":false,"bess":false,"solar":true,"wind":false}},{"type":"Feature","geometry":{"type":"Point","coordinates":[-1.730143,51.601754]},"properties":{"site_id":"Swindon/S/21/1010","area":"Swindon","state":"Permitted","type":"Full","n_apps":2,"year":2009,"agent":"Pritchett Planning Consultancy","description":"Change of use from B1/ B8 (Business/ Storage/ Distribution) to Sui Generis (Data Centre) without compliance with condition 2 of previous permission S/09/0901.","link":"https://www.planit.org.uk/planapplic/Swindon/S/21/1010/","backup":false,"prime":false,"bess":false,"solar":false,"wind":false}},{"type":"Feature","geometry":{"type":"Point","coordinates":[-1.836154,51.572197]},"properties":{"site_id":"Swindon/S/23/1422","area":"Swindon","state":"Permitted","type":"Full","n_apps":1,"year":2023,"agent":"Marchini Curran Associates","description":"Erection of new and extension of existing plant areas to existing Datacentre building,","link":"https://www.planit.org.uk/planapplic/Swindon/S/23/1422/","backup":false,"prime":false,"bess":false,"solar":false,"wind":false}},{"type":"Feature","geometry":{"type":"Point","coordinates":[-1.791829,51.568818]},"properties":{"site_id":"Swindon/S/OUT/24/1427","area":"Swindon","state":"Permitted","type":"Outline","n_apps":1,"year":2024,"agent":"CarneySweeney","description":"Outline application for employment units (Use Class B8 (including Data Centres), B2 and or E (g) (iii)), along with all associated engineering and site clearance (Access not reserved).","link":"https://www.planit.org.uk/planapplic/Swindon/S/OUT/24/1427/","backup":false,"prime":false,"bess":false,"solar":true,"wind":false}},{"type":"Feature","geometry":{"type":"Point","coordinates":[-2.101441,53.484947]},"properties":{"site_id":"Tameside/20/00083/PLCOND","area":"Tameside","state":"Permitted","type":"Full","n_apps":5,"year":2018,"agent":null,"description":"Internal works, repairs, restoration and alterations of the Ashton Old Baths- Phase 2 Annex for the change of use from storage and distribution (Use Class B8) to office accommodation ( B1), coffee shop ( A3) and a new internal data centre (Sui generis) with su","link":"https://www.planit.org.uk/planapplic/Tameside/18/00278/FUL/","backup":false,"prime":false,"bess":false,"solar":false,"wind":false}},{"type":"Feature","geometry":{"type":"Point","coordinates":[-6.527165,49.976778]},"properties":{"site_id":"Telford/W2005/0776","area":"Telford","state":"Permitted","type":"Full","n_apps":1,"year":2005,"agent":",","description":"Erection of a data centre","link":"https://www.planit.org.uk/planapplic/Telford/W2005/0776/","backup":false,"prime":false,"bess":false,"solar":false,"wind":false}},{"type":"Feature","geometry":{"type":"Point","coordinates":[-1.479311,51.213638]},"properties":{"site_id":"TestValley/10/00944/OUTN","area":"Test Valley","state":"Permitted","type":"Outline","n_apps":1,"year":2010,"agent":"Blue Sky Planning","description":"Outline - Erection of an extension to the existing data centre to provide additional storage capacity along with additional chillers and alterations to the car parking and landscaping.","link":"https://www.planit.org.uk/planapplic/TestValley/10/00944/OUTN/","backup":false,"prime":false,"bess":false,"solar":false,"wind":false}},{"type":"Feature","geometry":{"type":"Point","coordinates":[-0.429404,51.640745]},"properties":{"site_id":"ThreeRivers/06/1182/FUL","area":"Three Rivers","state":"Permitted","type":"Full","n_apps":1,"year":2006,"agent":null,"description":"Part change of use from B8 Storage Warehouse to B1 Business Use to form data centre","link":"https://www.planit.org.uk/planapplic/ThreeRivers/06/1182/FUL/","backup":false,"prime":false,"bess":false,"solar":false,"wind":false}},{"type":"Feature","geometry":{"type":"Point","coordinates":[-0.438579,51.639546]},"properties":{"site_id":"ThreeRivers/19/1881/CLPD","area":"Three Rivers","state":"Permitted","type":"Outline","n_apps":1,"year":2019,"agent":null,"description":"Certificate of Lawfulness Proposed Development: Use of part of the existing unit as a data centre (Class B8).","link":"https://www.planit.org.uk/planapplic/ThreeRivers/19/1881/CLPD/","backup":false,"prime":false,"bess":false,"solar":false,"wind":false}},{"type":"Feature","geometry":{"type":"Point","coordinates":[-0.52054,51.655777]},"properties":{"site_id":"ThreeRivers/21/2884/EIA","area":"Three Rivers","state":"Permitted","type":"Outline","n_apps":1,"year":2021,"agent":null,"description":"EIA Screening Opinion: Proposed Data Centre","link":"https://www.planit.org.uk/planapplic/ThreeRivers/21/2884/EIA/","backup":true,"prime":false,"bess":false,"solar":false,"wind":false}},{"type":"Feature","geometry":{"type":"Point","coordinates":[-0.407439,51.708717]},"properties":{"site_id":"ThreeRivers/23/0566/EIA","area":"Three Rivers","state":"Permitted","type":"Outline","n_apps":1,"year":2023,"agent":null,"description":"EIA screening request: Proposed Data Centre, Country Park and associated works.","link":"https://www.planit.org.uk/planapplic/ThreeRivers/23/0566/EIA/","backup":true,"prime":false,"bess":false,"solar":false,"wind":false}},{"type":"Feature","geometry":{"type":"Point","coordinates":[0.336866,51.496794]},"properties":{"site_id":"Thurrock/09/00165/FUL","area":"Thurrock","state":"Permitted","type":"Full","n_apps":2,"year":2008,"agent":null,"description":"Erection of a single storey Data Centre and Switch Room building, with associated external containerised stand-by generator, screen fenced diesel storage tank, screen fenced condenser pod, new mains supply electric substation with GRP housing and associated pa","link":"https://www.planit.org.uk/planapplic/Thurrock/09/00165/FUL/","backup":true,"prime":false,"bess":false,"solar":false,"wind":false}},{"type":"Feature","geometry":{"type":"Point","coordinates":[0.271162,51.4825]},"properties":{"site_id":"Thurrock/12/01089/FUL","area":"Thurrock","state":"Permitted","type":"Full","n_apps":1,"year":2012,"agent":null,"description":"Change of use from B8 warehouse to B1 Data Centre, including changes to elevations, new roof design, new mezzanine, addition of external plant and new crossovers.","link":"https://www.planit.org.uk/planapplic/Thurrock/12/01089/FUL/","backup":true,"prime":false,"bess":false,"solar":true,"wind":false}},{"type":"Feature","geometry":{"type":"Point","coordinates":[0.273351,51.480749]},"properties":{"site_id":"Thurrock/13/01081/FUL","area":"Thurrock","state":"Permitted","type":"Full","n_apps":1,"year":2013,"agent":null,"description":"Construction of a B1 Data Centre with associated ancillary offices, car parking, operational yard, gatehouse, external plant and services, perimeter fencing, landscaping and revised highway access.","link":"https://www.planit.org.uk/planapplic/Thurrock/13/01081/FUL/","backup":true,"prime":false,"bess":false,"solar":true,"wind":false}},{"type":"Feature","geometry":{"type":"Point","coordinates":[0.285383,51.49297]},"properties":{"site_id":"Thurrock/24/00927/SCO","area":"Thurrock","state":"Permitted","type":"Outline","n_apps":1,"year":2024,"agent":null,"description":"Request for EIA Scoping Opinion The Town and Country Planning (Environmental Impact Assessment) Regulations 2017 (as amended) Thurrock Data Centre Land at the former Arena Essex, Arterial Road West Thurrock, Grays, Purfleet, RM19 1AE (the Site)","link":"https://www.planit.org.uk/planapplic/Thurrock/24/00927/SCO/","backup":true,"prime":false,"bess":true,"solar":false,"wind":false}},{"type":"Feature","geometry":{"type":"Point","coordinates":[0.277207,51.493669]},"properties":{"site_id":"Thurrock/25/00573/OUT","area":"Thurrock","state":"Undecided","type":"Outline","n_apps":1,"year":2025,"agent":"Mallory Land Ltd","description":"Hybrid planning application for the comprehensive redevelopment of the Site to deliver a data centre campus comprising: 1. Full planning application for the demolition of existing buildings and structures, preparatory earthworks including remediation and level","link":"https://www.planit.org.uk/planapplic/Thurrock/25/00573/OUT/","backup":true,"prime":false,"bess":false,"solar":true,"wind":false}},{"type":"Feature","geometry":{"type":"Point","coordinates":[0.447252,51.306255]},"properties":{"site_id":"Tonbridge/06/00059/LDCP","area":"Tonbridge","state":"Permitted","type":"Outline","n_apps":1,"year":2006,"agent":null,"description":"Lawful Development Certificate Proposed: Use as a data centre and a computer, data and telecommunications exchange","link":"https://www.planit.org.uk/planapplic/Tonbridge/06/00059/LDCP/","backup":false,"prime":false,"bess":false,"solar":false,"wind":false}},{"type":"Feature","geometry":{"type":"Point","coordinates":[-3.09654,51.77579]},"properties":{"site_id":"Torfaen/10/P/00207(E)","area":"Torfaen","state":"Conditions","type":"Full","n_apps":2,"year":2009,"agent":"Torfaen County Borough Council","description":"Changes to the external environment of Victoria House to create a shared resource (data) centre. Changes in addition to previous approved application no 09/P/00440(E) to enhance security arrangements","link":"https://www.planit.org.uk/planapplic/Torfaen/10/P/00207(E)/","backup":false,"prime":false,"bess":false,"solar":false,"wind":false}},{"type":"Feature","geometry":{"type":"Point","coordinates":[-0.071525,51.518303]},"properties":{"site_id":"TowerHamlets/PA/00/00819","area":"Tower Hamlets","state":"Permitted","type":"Full","n_apps":1,"year":2000,"agent":"Weatherall Green Smith","description":"Use of building as a Data Centre, installation of roof level plant machinery/equipment and acoustic screen and alterations to the external elevations including the provision of a new entrance","link":"https://www.planit.org.uk/planapplic/TowerHamlets/PA/00/00819/","backup":true,"prime":false,"bess":false,"solar":false,"wind":false}},{"type":"Feature","geometry":{"type":"Point","coordinates":[-0.016331,51.487591]},"properties":{"site_id":"TowerHamlets/PA/01/01038","area":"Tower Hamlets","state":"Permitted","type":"Full","n_apps":1,"year":2002,"agent":"A & Q Partnership","description":"Change of use from B8 warehouse use to 'data centre' with external refurbishment works and landscaping.(Revised application to approved scheme dated 01/05/01, Ref: PA/00/1768)","link":"https://www.planit.org.uk/planapplic/TowerHamlets/PA/01/01038/","backup":false,"prime":false,"bess":false,"solar":false,"wind":false}},{"type":"Feature","geometry":{"type":"Point","coordinates":[-0.058069,51.50873]},"properties":{"site_id":"TowerHamlets/PA/07/03034","area":"Tower Hamlets","state":"Permitted","type":"Full","n_apps":3,"year":2007,"agent":"ARC:MC","description":"Removal of 3 existing chiller units located on a roof of a 3 storey high data centre building and replacement with 3 new efficient units that sit within a smaller footprint on the roof space.","link":"https://www.planit.org.uk/planapplic/TowerHamlets/PA/11/01726/NC/","backup":false,"prime":false,"bess":false,"solar":false,"wind":false}},{"type":"Feature","geometry":{"type":"Point","coordinates":[-0.073798,51.521304]},"properties":{"site_id":"TowerHamlets/PA/10/01940","area":"Tower Hamlets","state":"Unknown","type":"Full","n_apps":20,"year":2010,"agent":"DP9 Ltd","description":"Demolition of existing buildings on site and construction of new building comprising 5,200sqm GIA of Use Class B8 floorspace for use as a data centre, reaching a maximum height of approximately 29m (41.78m AOD). This application is accompanied by an Environmen","link":"https://www.planit.org.uk/planapplic/TowerHamlets/PA/24/01450/A1/","backup":true,"prime":false,"bess":false,"solar":false,"wind":false}},{"type":"Feature","geometry":{"type":"Point","coordinates":[-0.018309,51.495588]},"properties":{"site_id":"TowerHamlets/PA/11/01481/NC","area":"Tower Hamlets","state":"Permitted","type":"Full","n_apps":14,"year":2011,"agent":"Route One Planning","description":"Extension of existing data centre by an additional storey","link":"https://www.planit.org.uk/planapplic/TowerHamlets/PA/20/02381/NC/","backup":true,"prime":false,"bess":false,"solar":false,"wind":false}},{"type":"Feature","geometry":{"type":"Point","coordinates":[-0.003466,51.510941]},"properties":{"site_id":"TowerHamlets/PA/21/02777/A1","area":"Tower Hamlets","state":"Permitted","type":"Full","n_apps":27,"year":2000,"agent":"Rapleys LLP","description":"Erection of east and west extensions to existing data centre building, alterations to the north and south façades, infill of reception atrium, installation of new flues and plant, upgrade of rooftop chillers and other associated works including landscaping, cy","link":"https://www.planit.org.uk/planapplic/TowerHamlets/PA/24/01932/A1/","backup":true,"prime":false,"bess":false,"solar":false,"wind":false}},{"type":"Feature","geometry":{"type":"Point","coordinates":[-0.01146,51.507905]},"properties":{"site_id":"TowerHamlets/PA/22/00693/NC","area":"Tower Hamlets","state":"Permitted","type":"Full","n_apps":3,"year":2017,"agent":"Hyphen","description":"Change of use of existing light industrial units 1-6 (originally consented as B1/B2 use. B1 subsequently re-categorised from 1st September 2020 as Class E(g)), totalling 490 m² to data centre use (B8 ? storage and distribution). The application also includes c","link":"https://www.planit.org.uk/planapplic/TowerHamlets/PA/22/01982/A1/","backup":true,"prime":false,"bess":true,"solar":false,"wind":false}},{"type":"Feature","geometry":{"type":"Point","coordinates":[-0.003797,51.507279]},"properties":{"site_id":"TowerHamlets/PA/22/01023/NC","area":"Tower Hamlets","state":"Permitted","type":"Full","n_apps":1,"year":2022,"agent":"Route One Planning","description":"Refurbishment of existing data centre facility; replacement roof-top plant; new facade treatment; new security gatehouse; alterations to existing SSB building; associated landscaping and ancillary works.","link":"https://www.planit.org.uk/planapplic/TowerHamlets/PA/22/01023/NC/","backup":true,"prime":false,"bess":false,"solar":false,"wind":false}},{"type":"Feature","geometry":{"type":"Point","coordinates":[-0.014666,51.497913]},"properties":{"site_id":"TowerHamlets/PA/23/01021/NC","area":"Tower Hamlets","state":"Permitted","type":"Full","n_apps":4,"year":2011,"agent":"Hyphen","description":"Provision of new SCR (Selective Catalytic Reduction) Units and DPF (Diesel Particulate Filter) Units to the existing stand-by generators serving the data centre elements of the building. Addition of SCR and DPF will improve emissions from the generators. These","link":"https://www.planit.org.uk/planapplic/TowerHamlets/PA/23/01022/NC/","backup":true,"prime":false,"bess":false,"solar":false,"wind":false}},{"type":"Feature","geometry":{"type":"Point","coordinates":[0.017816,51.502125]},"properties":{"site_id":"TowerHamlets/PA/24/00542/NC","area":"Newham","state":"Permitted","type":"Outline","n_apps":10,"year":2023,"agent":"DP9","description":"Reserved Matters Application to approve details of layout, scale, access, appearance and landscaping pursuant to Condition 2 attached to hybrid planning permission 23/01697/OUT dated 20 December 2024; comprising development within Zone 2 for a Data Centre Buil","link":"https://www.planit.org.uk/planapplic/Newham/25/00541/REM/","backup":true,"prime":false,"bess":false,"solar":true,"wind":false}},{"type":"Feature","geometry":{"type":"Point","coordinates":[0.003146,51.516836]},"properties":{"site_id":"TowerHamlets/PA/24/01150/NC","area":"Newham","state":"Unknown","type":"Full","n_apps":4,"year":2022,"agent":"RPS Group","description":"RECONSULTATION - On the basis that the Local Planning Authority has received further/revised information in response to requests issued on the 12th April 2024 and 31st May 2024 pursuant to Regulation 25 (1) of the Town and Country Planning (Environmental Impac","link":"https://www.planit.org.uk/planapplic/Newham/24/00088/FUL/","backup":true,"prime":false,"bess":false,"solar":true,"wind":false}},{"type":"Feature","geometry":{"type":"Point","coordinates":[-2.326198,53.462151]},"properties":{"site_id":"Trafford/112652/FUL/24","area":"Trafford","state":"Conditions","type":"Full","n_apps":1,"year":2024,"agent":"Kitson Architecture Ltd","description":"Change of use to data centre (sui generis). Installation of new substation and external condenser units, new entrance door and replacement of several windows with glazed-in louvres. Erection of new security fence.","link":"https://www.planit.org.uk/planapplic/Trafford/112652/FUL/24/","backup":false,"prime":false,"bess":false,"solar":false,"wind":false}},{"type":"Feature","geometry":{"type":"Point","coordinates":[-2.370201,53.451019]},"properties":{"site_id":"Trafford/115060/FUL/24","area":"Trafford","state":"Conditions","type":"Full","n_apps":1,"year":2024,"agent":"Union4 Planning","description":"Construction of a datacentre facility and associated plant and enclosure.","link":"https://www.planit.org.uk/planapplic/Trafford/115060/FUL/24/","backup":true,"prime":false,"bess":false,"solar":false,"wind":false}},{"type":"Feature","geometry":{"type":"Point","coordinates":[-2.32046,53.474152]},"properties":{"site_id":"Trafford/117712/EIASCR/25","area":"Trafford","state":"Conditions","type":"Outline","n_apps":2,"year":2025,"agent":"Lichfields","description":"Hybrid planning application for the redevelopment of the site comprising: (Part detailed) Demolition of all existing buildings and structures, site preparation and enabling works. (Part outline) Construction of buildings (Flexible Class B2/B8 Use or Data Centr","link":"https://www.planit.org.uk/planapplic/Trafford/118338/HYB/26/","backup":false,"prime":false,"bess":false,"solar":true,"wind":false}},{"type":"Feature","geometry":{"type":"Point","coordinates":[-2.293775,53.467155]},"properties":{"site_id":"Trafford/77375/VAR/2011","area":"Trafford","state":"Conditions","type":"Full","n_apps":4,"year":2011,"agent":null,"description":"Change of use as a Data Centre together with the siting of No. 4 x Generators in Compound, Condenser Units in the Compound and around the building Siting of No. 1 x Substation by ENW, No. 1 x Transformer, No. 8 x 1.2m Satellite Dishes and No. 1 x Digital Freev","link":"https://www.planit.org.uk/planapplic/Trafford/88945/FUL/16/","backup":false,"prime":false,"bess":false,"solar":false,"wind":false}},{"type":"Feature","geometry":{"type":"Point","coordinates":[0.262538,52.026896]},"properties":{"site_id":"Uttlesford/UTT/23/2686/FUL","area":"Uttlesford","state":"Conditions","type":"Full","n_apps":1,"year":2023,"agent":"Murray Planning","description":"Internal and external alterations to existing building to facilitate use as a B8 data centre","link":"https://www.planit.org.uk/planapplic/Uttlesford/UTT/23/2686/FUL/","backup":false,"prime":false,"bess":false,"solar":false,"wind":false}},{"type":"Feature","geometry":{"type":"Point","coordinates":[-1.494148,53.680676]},"properties":{"site_id":"Wakefield/03/99/05106/H","area":"Wakefield","state":"Permitted","type":"Full","n_apps":1,"year":2003,"agent":null,"description":"Change of use from warehouse to computer data centre (B1) with car parking to ground floor; external alterations","link":"https://www.planit.org.uk/planapplic/Wakefield/03/99/05106/H/","backup":false,"prime":false,"bess":false,"solar":false,"wind":false}},{"type":"Feature","geometry":{"type":"Point","coordinates":[-1.286033,53.730104]},"properties":{"site_id":"Wakefield/23/00100/REM01","area":"Wakefield","state":"Permitted","type":"Outline","n_apps":1,"year":2024,"agent":null,"description":"Approval of Reserved Matters pursuant to 23/00100/S7301 (Access, Appearance, Landscaping, Layout and Scale) at Development Zone A for development of a data centre campus with associated energy and electrical infrastructure, visitor reception buildings, securit","link":"https://www.planit.org.uk/planapplic/Wakefield/23/00100/REM01/","backup":true,"prime":false,"bess":false,"solar":false,"wind":false}},{"type":"Feature","geometry":{"type":"Point","coordinates":[-1.98121,52.589257]},"properties":{"site_id":"Walsall/11/1541/TE","area":"Walsall","state":"Conditions","type":"Amendment","n_apps":3,"year":2007,"agent":null,"description":"TIME EXTENSION TO 08/0951/OL: (WALSALL GIGAPORT - OUTLINE APPLICATION (ACCESS ONLY CONSIDERED). ERECTION OF 127,000 SQM OF B1(A) OFFICES, A 4,206 SQM DATA CENTRE, 4,300 SQM HOTEL WITH CONFERENCE FACILITIES, 23,195 SQM OF LIVE/WORK SPACE, A 5,890 SQM HEALTH AND","link":"https://www.planit.org.uk/planapplic/Walsall/11/1541/TE/","backup":false,"prime":false,"bess":false,"solar":false,"wind":false}},{"type":"Feature","geometry":{"type":"Point","coordinates":[-2.514938,53.429806]},"properties":{"site_id":"Warrington/2006/07833","area":"Warrington","state":"Permitted","type":"Amendment","n_apps":1,"year":2006,"agent":null,"description":"Application for a Certificate of Lawfulness for a proposed use ( offices and data centre )( Use Class B1 ).","link":"https://www.planit.org.uk/planapplic/Warrington/2006/07833/","backup":false,"prime":false,"bess":false,"solar":false,"wind":false}},{"type":"Feature","geometry":{"type":"Point","coordinates":[-2.67494,53.395622]},"properties":{"site_id":"Warrington/2009/15005","area":"Warrington","state":"Permitted","type":"Full","n_apps":1,"year":2009,"agent":null,"description":"Proposed construction of 3 meter perimeter fencing with revised parking layout, exterior alterations to include installation of new door openings, blocking up of several window openings, replacement of existing cladding and demoliton of two storey link buildin","link":"https://www.planit.org.uk/planapplic/Warrington/2009/15005/","backup":false,"prime":false,"bess":false,"solar":false,"wind":false}},{"type":"Feature","geometry":{"type":"Point","coordinates":[-2.602839,53.39946]},"properties":{"site_id":"Warrington/2022/41013","area":"Warrington","state":"Permitted","type":"Full","n_apps":1,"year":2022,"agent":null,"description":"Change of use and creation of two datacentre cabins (Use Class B8  Storage and Distribution) with associated access and fencing","link":"https://www.planit.org.uk/planapplic/Warrington/2022/41013/","backup":false,"prime":false,"bess":false,"solar":false,"wind":false}},{"type":"Feature","geometry":{"type":"Point","coordinates":[-2.723814,53.361843]},"properties":{"site_id":"Warrington/2026/00602/ADJA","area":"Warrington","state":"Unknown","type":"Outline","n_apps":3,"year":2026,"agent":null,"description":"Hybrid Planning Application comprising: Full Planning application for construction, engineering and change of use (part retrospective) including; new and altered means of access at Earle Road and Moss Bank Road and related transport infrastructure; remodelling","link":"https://www.planit.org.uk/planapplic/Warrington/2026/00295/HYB/","backup":false,"prime":false,"bess":true,"solar":true,"wind":false}},{"type":"Feature","geometry":{"type":"Point","coordinates":[-2.607241,53.389648]},"properties":{"site_id":"Warrington/2026/00659/SCR","area":"Warrington","state":"Unknown","type":"Outline","n_apps":1,"year":2026,"agent":null,"description":"REQUEST FOR FORMAL EIA SCREENING OPINION - PHASED MODULAR DATA CENTRE AND ASSOCIATED INFRASTRUCTURE","link":"https://www.planit.org.uk/planapplic/Warrington/2026/00659/SCR/","backup":false,"prime":false,"bess":false,"solar":false,"wind":false}},{"type":"Feature","geometry":{"type":"Point","coordinates":[-1.608393,52.286655]},"properties":{"site_id":"Warwick/W/23/0772","area":"Warwick","state":"Permitted","type":"Full","n_apps":1,"year":2023,"agent":"Murray Planning","description":"Proposed internal and external alterations to existing industrial unit to facilitate use (distribution) as a B8 data centre.","link":"https://www.planit.org.uk/planapplic/Warwick/W/23/0772/","backup":false,"prime":false,"bess":false,"solar":false,"wind":false}},{"type":"Feature","geometry":{"type":"Point","coordinates":[-1.582925,52.289227]},"properties":{"site_id":"Warwick/W/23/1025","area":"Warwick","state":"Undecided","type":"Full","n_apps":1,"year":2023,"agent":"McLoughlin Planning","description":"Erection of data centre and generator within Car Park C with associated works.","link":"https://www.planit.org.uk/planapplic/Warwick/W/23/1025/","backup":false,"prime":false,"bess":false,"solar":false,"wind":false}},{"type":"Feature","geometry":{"type":"Point","coordinates":[-0.428292,51.642808]},"properties":{"site_id":"Watford/12/00319/LDC","area":"Watford","state":"Conditions","type":"Full","n_apps":2,"year":2012,"agent":null,"description":"Erection of a single storey office extension to facilities management office of existing data centre","link":"https://www.planit.org.uk/planapplic/Watford/13/00782/FUL/","backup":false,"prime":false,"bess":false,"solar":false,"wind":false}},{"type":"Feature","geometry":{"type":"Point","coordinates":[-0.424875,51.64465]},"properties":{"site_id":"Watford/25/01095/LDC","area":"Watford","state":"Permitted","type":"Amendment","n_apps":1,"year":2025,"agent":null,"description":"Lawful development certificate for confirmation under Section 192(1)(a) of the TCPA that a data centre is a lawful use of buildings or other land within Class B8 of Town and Country Planning (Use Classes) Order 1987 (as amended); and therefore, that the use of","link":"https://www.planit.org.uk/planapplic/Watford/25/01095/LDC/","backup":true,"prime":false,"bess":false,"solar":true,"wind":false}},{"type":"Feature","geometry":{"type":"Point","coordinates":[-0.795558,51.212509]},"properties":{"site_id":"Waverley/PC/2025/02108","area":"Waverley","state":"Permitted","type":"Outline","n_apps":1,"year":2025,"agent":null,"description":"Consultation from a neighbouring authority for outline planning application for phased development involving demolition of existing buildings and the erection of new flexible use employment floorspace (use classes e(g)(i)-(iii)/b2/b8 (including data centres) a","link":"https://www.planit.org.uk/planapplic/Waverley/PC/2025/02108/","backup":false,"prime":false,"bess":false,"solar":false,"wind":false}},{"type":"Feature","geometry":{"type":"Point","coordinates":[-0.186531,51.807674]},"properties":{"site_id":"WelwynHatfield/6/2023/1618/MAJ","area":"Welwyn Hatfield","state":"Permitted","type":"Full","n_apps":4,"year":2007,"agent":null,"description":"Construction of a new Data Centre building with ancillary office space, provision of parking, vehicular circulation, sprinkler tanks, landscaping and other ancillary/associated works and the retention of 2 existing substations, following the demolition of the ","link":"https://www.planit.org.uk/planapplic/WelwynHatfield/6/2023/1618/MAJ/","backup":false,"prime":false,"bess":false,"solar":false,"wind":false}},{"type":"Feature","geometry":{"type":"Point","coordinates":[-0.244968,51.77048]},"properties":{"site_id":"WelwynHatfield/S6/2006/1603/MA","area":"Welwyn Hatfield","state":"Permitted","type":"Full","n_apps":1,"year":2006,"agent":null,"description":"DATA CENTRE INCLUDING PROVISION OF 2 NO. CAR PARKING SPACES LOCATED INDEPENDENTLY FROM MAIN BUILDING","link":"https://www.planit.org.uk/planapplic/WelwynHatfield/S6/2006/1603/MA/","backup":false,"prime":false,"bess":false,"solar":false,"wind":false}},{"type":"Feature","geometry":{"type":"Point","coordinates":[-1.306217,51.405139]},"properties":{"site_id":"WestBerkshire/23/02644/FUL","area":"West Berkshire","state":"Permitted","type":"Full","n_apps":2,"year":2023,"agent":null,"description":"Change of use of ground floor of building from office (Class E) to data centre (Class B8), external alterations to the building, creation of additional plant compounds, associated plan and additional 73sqm of floor space, installation of roof mounted photovolt","link":"https://www.planit.org.uk/planapplic/WestBerkshire/23/02644/FUL/","backup":true,"prime":false,"bess":false,"solar":true,"wind":false}},{"type":"Feature","geometry":{"type":"Point","coordinates":[-1.017727,51.422958]},"properties":{"site_id":"WestBerkshire/25/02116/COND","area":"West Berkshire","state":"Permitted","type":"Full","n_apps":12,"year":2020,"agent":null,"description":"Development of an Energy Recovery Centre and adjacent Data Centre and associated infrastructure","link":"https://www.planit.org.uk/planapplic/WestBerkshire/20/02029/COMIND/","backup":false,"prime":false,"bess":false,"solar":true,"wind":false}},{"type":"Feature","geometry":{"type":"Point","coordinates":[-3.580849,55.985801]},"properties":{"site_id":"WestLothian/0020/CLU/23","area":"West Lothian","state":"Permitted","type":"Amendment","n_apps":1,"year":2023,"agent":"North Planning and Development Ltd","description":"Certificate of lawfulness for existing use as Class 4 (Business) including for data centre use","link":"https://www.planit.org.uk/planapplic/WestLothian/0020/CLU/23/","backup":false,"prime":false,"bess":false,"solar":false,"wind":false}},{"type":"Feature","geometry":{"type":"Point","coordinates":[-3.59266,55.856204]},"properties":{"site_id":"WestLothian/0346/EIA/25","area":"West Lothian","state":"Permitted","type":"Outline","n_apps":2,"year":2025,"agent":"AAH Consultants","description":"Proposal of application notice for the erection of an AI Data Centre Campus with a 250 MW demand utility capacity with ancillary battery energy storage system (BESS) (to be consented via separate Section 36 application to Scottish Government), car parking, lan","link":"https://www.planit.org.uk/planapplic/WestLothian/0625/PAC/25/","backup":false,"prime":false,"bess":true,"solar":false,"wind":false}},{"type":"Feature","geometry":{"type":"Point","coordinates":[-3.612862,55.88955]},"properties":{"site_id":"WestLothian/LIVE/0722/CLU/14","area":"West Lothian","state":"Permitted","type":"Amendment","n_apps":1,"year":2014,"agent":"Ryden","description":"Certificate of lawfulness for a 237sqm data centre at units 10a & 10b (grid ref. 299250 667429)","link":"https://www.planit.org.uk/planapplic/WestLothian/LIVE/0722/CLU/14/","backup":false,"prime":false,"bess":false,"solar":false,"wind":false}},{"type":"Feature","geometry":{"type":"Point","coordinates":[-1.139965,52.024227]},"properties":{"site_id":"WestNorthamptonshire/2025/1329/FULL","area":"West Northamptonshire","state":"Permitted","type":"Full","n_apps":1,"year":2025,"agent":null,"description":"Internal and external alterations to existing building to facilitate use as a B8 data centre","link":"https://www.planit.org.uk/planapplic/WestNorthamptonshire/2025/1329/FULL/","backup":false,"prime":false,"bess":false,"solar":false,"wind":false}},{"type":"Feature","geometry":{"type":"Point","coordinates":[-1.029627,52.075886]},"properties":{"site_id":"WestNorthamptonshire/2025/3287/MAF","area":"West Northamptonshire","state":"Permitted","type":"Full","n_apps":2,"year":2025,"agent":null,"description":"Retrospective application for the demolition of temporary modular workshop building, and the erection of a data centre facility, including bridge link, landscaping and associated works for Aston Martin Formula One Team.","link":"https://www.planit.org.uk/planapplic/WestNorthamptonshire/2025/3287/MAF/","backup":false,"prime":false,"bess":false,"solar":false,"wind":false}},{"type":"Feature","geometry":{"type":"Point","coordinates":[-0.883829,52.236069]},"properties":{"site_id":"WestNorthamptonshire/N/2013/1130","area":"West Northamptonshire","state":"Permitted","type":"Full","n_apps":1,"year":2013,"agent":null,"description":"Erection of modular data centre and associated external works (as amended by revised plan received on 29 November 2013)","link":"https://www.planit.org.uk/planapplic/WestNorthamptonshire/N/2013/1130/","backup":false,"prime":false,"bess":false,"solar":false,"wind":false}},{"type":"Feature","geometry":{"type":"Point","coordinates":[-0.838235,52.277279]},"properties":{"site_id":"WestNorthamptonshire/N/2019/0655","area":"West Northamptonshire","state":"Rejected","type":"Full","n_apps":1,"year":2019,"agent":null,"description":"Siting of 2no containers, 2no generators, 1no meter cabinet on concrete base and associated air conditioning equipment surrounded by 2.4-metre-high mesh fencing on concrete ring beam for use as a Data Centre (Use Class B8)","link":"https://www.planit.org.uk/planapplic/WestNorthamptonshire/N/2019/0655/","backup":false,"prime":false,"bess":false,"solar":false,"wind":false}},{"type":"Feature","geometry":{"type":"Point","coordinates":[-1.144456,52.021851]},"properties":{"site_id":"WestNorthamptonshire/S/2018/2526/COND","area":"West Northamptonshire","state":"Permitted","type":"Full","n_apps":2,"year":2018,"agent":null,"description":"Proposed new data centre with associated plant, an increased waste compound at the rear of unit 1 A & B and demolition and relocation of the compressor house which serves unit 4","link":"https://www.planit.org.uk/planapplic/WestNorthamptonshire/S/2018/1676/FUL/","backup":false,"prime":false,"bess":false,"solar":false,"wind":false}},{"type":"Feature","geometry":{"type":"Point","coordinates":[-1.140134,52.035854]},"properties":{"site_id":"WestNorthamptonshire/S/2020/0465/FUL","area":"West Northamptonshire","state":"Permitted","type":"Full","n_apps":1,"year":2020,"agent":null,"description":"Single storey, modular data centre with external air-conditioning condensers and 2 x emergency back-up diesel generators. Part retrospective","link":"https://www.planit.org.uk/planapplic/WestNorthamptonshire/S/2020/0465/FUL/","backup":false,"prime":false,"bess":false,"solar":false,"wind":false}},{"type":"Feature","geometry":{"type":"Point","coordinates":[-0.942045,52.257969]},"properties":{"site_id":"WestNorthamptonshire/WN/2006/0110","area":"West Northamptonshire","state":"Permitted","type":"Full","n_apps":2,"year":2006,"agent":null,"description":"Three storey data centre and office building..","link":"https://www.planit.org.uk/planapplic/WestNorthamptonshire/WN/2006/0110/","backup":false,"prime":false,"bess":false,"solar":false,"wind":false}},{"type":"Feature","geometry":{"type":"Point","coordinates":[-1.631053,51.767255]},"properties":{"site_id":"WestOxfordshire/26/00280/OUT","area":"West Oxfordshire","state":"Undecided","type":"Outline","n_apps":3,"year":2026,"agent":"A B Design (Poole) Ltd","description":"Outline application for the erection of buildings to form datacentres with some matters reserved","link":"https://www.planit.org.uk/planapplic/WestOxfordshire/26/00428/OUT/","backup":false,"prime":false,"bess":false,"solar":false,"wind":false}},{"type":"Feature","geometry":{"type":"Point","coordinates":[-1.271808,51.627958]},"properties":{"site_id":"WhiteHorse/P18/V1421/SCR","area":"Vale of White Horse","state":"Permitted","type":"Full","n_apps":12,"year":2018,"agent":"JLL (Ashley Collins)","description":"Site clearance and preparation, and the development of a Data Centre campus comprising two Data Centre units, emergency back-up diesel generators, the surface storage of emergency diesel fuel, the erection of sub-station, hard and soft landscaping including ec","link":"https://www.planit.org.uk/planapplic/WhiteHorse/P18/V2277/FUL/","backup":false,"prime":false,"bess":false,"solar":false,"wind":false}},{"type":"Feature","geometry":{"type":"Point","coordinates":[-1.264036,51.618073]},"properties":{"site_id":"WhiteHorse/P19/V2028/SCR","area":"South Oxfordshire","state":"Permitted","type":"Full","n_apps":15,"year":2019,"agent":null,"description":"Hybrid planning application consisting of a) Full Planning Application for the erection of a single storey 8,692 m2 Data Centre building (containing data halls, associated electrical and AHU Plant Rooms, loading bay, maintenance and storage space, office admin","link":"https://www.planit.org.uk/planapplic/SouthOxfordshire/P21/S0274/FUL/","backup":false,"prime":false,"bess":false,"solar":false,"wind":false}},{"type":"Feature","geometry":{"type":"Point","coordinates":[-1.578681,51.645716]},"properties":{"site_id":"WhiteHorse/P23/V2232/CM","area":"Vale of White Horse","state":"Permitted","type":"Outline","n_apps":2,"year":2023,"agent":"Mango Planning & Development Limited","description":"Request for an EIA Screening Opinion in respect of a total of up to 42,286 sq m GIA of commercial floorspace for Use Classes E(g) i (offices); and/or, E(g)(ii) (research and development); and/or, E(g)(ii) (light industrial); and/ or B2 (general industrial); an","link":"https://www.planit.org.uk/planapplic/WhiteHorse/P23/V0588/SCR/","backup":false,"prime":false,"bess":false,"solar":false,"wind":false}},{"type":"Feature","geometry":{"type":"Point","coordinates":[-1.256992,51.620439]},"properties":{"site_id":"WhiteHorse/P25/V2462/FUL","area":"Vale of White Horse","state":"Undecided","type":"Full","n_apps":1,"year":2025,"agent":"Lichfields","description":"Demolition of the existing building and structures on site, and all other associated site clearance works. Construction of a data centre building (Class B8) with plant at roof level with an emergency generator (1no.) and associated flue (provided within an ext","link":"https://www.planit.org.uk/planapplic/WhiteHorse/P25/V2462/FUL/","backup":false,"prime":false,"bess":false,"solar":false,"wind":false}},{"type":"Feature","geometry":{"type":"Point","coordinates":[-1.30858,51.574358]},"properties":{"site_id":"WhiteHorse/P26/V0725/DIS","area":"Vale of White Horse","state":"Permitted","type":"Full","n_apps":5,"year":2024,"agent":null,"description":"Erection of a building to accommodate a data centre with external plant, associated acoustic barrier and boundary fencing.(as amplified by the amended documents submitted in June 2024).","link":"https://www.planit.org.uk/planapplic/WhiteHorse/P24/V1033/FUL/","backup":false,"prime":false,"bess":false,"solar":false,"wind":false}},{"type":"Feature","geometry":{"type":"Point","coordinates":[-1.259164,51.62279]},"properties":{"site_id":"WhiteHorse/P26/V1192/DIS","area":"Vale of White Horse","state":"Permitted","type":"Outline","n_apps":13,"year":2022,"agent":null,"description":"Reserved Matters application for the approval of details relating to appearance, landscaping, layout and scale for a data centre campus, to include 4 no. data centre buildings, gate house and other ancillary buildings and plant, associated site access roads, b","link":"https://www.planit.org.uk/planapplic/WhiteHorse/P25/V2197/RM/","backup":false,"prime":false,"bess":false,"solar":false,"wind":false}},{"type":"Feature","geometry":{"type":"Point","coordinates":[-1.247015,51.626068]},"properties":{"site_id":"WhiteHorse/P26/V1969/LDD","area":"Vale of White Horse","state":"Withdrawn","type":"Conditions","n_apps":3,"year":2026,"agent":"Montagu Evans","description":"Discharge of condition B6 - CEMP LHR04 on application ref. P17/V2490/LDO Local Development Order for Didcot Technology Park for up to 115,000 sqm total floorspace, comprising up to 110,000 sqm data centre, 20,000 sqm battery storage, 5,000 sqm B2 industrial in","link":"https://www.planit.org.uk/planapplic/WhiteHorse/P26/V1967/LDD/","backup":false,"prime":false,"bess":false,"solar":false,"wind":false}},{"type":"Feature","geometry":{"type":"Point","coordinates":[-2.636001,53.542405]},"properties":{"site_id":"Wigan/A/22/93192/FULL","area":"Wigan","state":"Conditions","type":"Full","n_apps":1,"year":2022,"agent":"Cluttons LLP","description":"To locate two No datacentre cabins under Use Class B8 (Storage and Distribution), with associated fencing, access, and provision of two No generators.","link":"https://www.planit.org.uk/planapplic/Wigan/A/22/93192/FULL/","backup":false,"prime":false,"bess":false,"solar":false,"wind":false}},{"type":"Feature","geometry":{"type":"Point","coordinates":[-2.186101,51.427624]},"properties":{"site_id":"Wiltshire/N/10/00307/FUL","area":"Wiltshire","state":"Conditions","type":"Full","n_apps":3,"year":2007,"agent":null,"description":"Erections of 4 Plant Enclosure Pods (to Serve Adjacent Data Centre) Together with Ancillary Works and Activities","link":"https://www.planit.org.uk/planapplic/Wiltshire/N/10/00307/FUL/","backup":false,"prime":false,"bess":false,"solar":false,"wind":false}},{"type":"Feature","geometry":{"type":"Point","coordinates":[-2.214754,51.418819]},"properties":{"site_id":"Wiltshire/PL/2022/04932","area":"Wiltshire","state":"Undecided","type":"Full","n_apps":13,"year":2007,"agent":null,"description":"Redevelopment of site to deliver extension to existing Spring Park data centre campus consisting of (a) free standing data centre building (b) energy, power, and water infrastructure (c) site access and internal roads (d) site security arrangements (e) di","link":"https://www.planit.org.uk/planapplic/Wiltshire/PL/2024/05527/","backup":false,"prime":false,"bess":false,"solar":false,"wind":false}},{"type":"Feature","geometry":{"type":"Point","coordinates":[-1.700254,51.135113]},"properties":{"site_id":"Wiltshire/S/2006/0107","area":"Wiltshire","state":"Conditions","type":null,"n_apps":1,"year":2006,"agent":null,"description":"DEMOLITION OF EXISTING BUILDINGS AND CONSTRUCTION OF NEW OFFICES, DATA CENTRE, FIRE STATION, EXTENSION TO EXISTING RESTAURANT AND ASSOCIATED PARKING AND LANDSCAPING.","link":"https://www.planit.org.uk/planapplic/Wiltshire/S/2006/0107/","backup":false,"prime":false,"bess":false,"solar":false,"wind":false}},{"type":"Feature","geometry":{"type":"Point","coordinates":[-1.761826,51.173927]},"properties":{"site_id":"Wiltshire/S/2009/1445","area":"Wiltshire","state":"Conditions","type":"Full","n_apps":1,"year":2009,"agent":null,"description":"PROPOSED DATA CENTRE BUILDINGS (3) TOGETHER WITH ASSOCIATED PLANT AND MACHINERY , ELECTRICTY SUBSTATION, LANDSCAPING PLANTING, FENCING, ENGINEERING, CAR-PARKING, PEDESTRIAN AND CYCLE PATHS AND VEHICLE CIRCULATION AREA. PROPOSED ACCESS ONTO SUN RISE WAY","link":"https://www.planit.org.uk/planapplic/Wiltshire/S/2009/1445/","backup":false,"prime":false,"bess":false,"solar":false,"wind":false}},{"type":"Feature","geometry":{"type":"Point","coordinates":[-1.125419,50.860142]},"properties":{"site_id":"Winchester/06/00105/FUL","area":"Winchester","state":"Permitted","type":"Full","n_apps":1,"year":2006,"agent":null,"description":"Major refurbishment of the two court buildings; insertions and additions into courtyards; new data centre, screening building and ancillary buildings/enclosures; 400 car parking spaces and upgrade vehicle access","link":"https://www.planit.org.uk/planapplic/Winchester/06/00105/FUL/","backup":false,"prime":false,"bess":false,"solar":false,"wind":false}},{"type":"Feature","geometry":{"type":"Point","coordinates":[-1.399072,51.111831]},"properties":{"site_id":"Winchester/13/01074/FUL","area":"Winchester","state":"Permitted","type":"Full","n_apps":1,"year":2013,"agent":null,"description":"Construction of a data centre with plant and equipment; replacement cycle storage and associated works","link":"https://www.planit.org.uk/planapplic/Winchester/13/01074/FUL/","backup":false,"prime":false,"bess":false,"solar":false,"wind":false}},{"type":"Feature","geometry":{"type":"Point","coordinates":[-0.581169,51.511691]},"properties":{"site_id":"Windsor/20/30002/SMI","area":"Windsor","state":"Rejected","type":null,"n_apps":2,"year":2020,"agent":null,"description":"Outline planning permission for the erection of up to 90, 614sqm of GEA data centre development including ancillary offices and substation, together with associated additional plant facilities, enclosures and gantries, groundworks, utilities, engineering opera","link":"https://www.planit.org.uk/planapplic/Windsor/25/30002/SMI/","backup":false,"prime":false,"bess":false,"solar":false,"wind":false}},{"type":"Feature","geometry":{"type":"Point","coordinates":[-0.518086,51.475042]},"properties":{"site_id":"Windsor/24/30011/SMI","area":"Windsor","state":"Permitted","type":null,"n_apps":1,"year":2024,"agent":null,"description":"Environmental Impact Assessment (EIA) Screening Opinion request for redevlopment of site to a Data Centre and Battery Energy Storage System.","link":"https://www.planit.org.uk/planapplic/Windsor/24/30011/SMI/","backup":true,"prime":false,"bess":true,"solar":false,"wind":false}},{"type":"Feature","geometry":{"type":"Point","coordinates":[-0.481922,51.346286]},"properties":{"site_id":"Woking/PLAN/2002/0757","area":"Woking","state":"Permitted","type":"Amendment","n_apps":1,"year":2002,"agent":null,"description":"Change of use from B1c Industrial Use to Data Centre Use (Sui generis), and Classes B1, B2 (general industry) and B8 (warehousing and distribution)","link":"https://www.planit.org.uk/planapplic/Woking/PLAN/2002/0757/","backup":false,"prime":false,"bess":false,"solar":false,"wind":false}},{"type":"Feature","geometry":{"type":"Point","coordinates":[-0.587531,51.323885]},"properties":{"site_id":"Woking/PLAN/2007/1276","area":"Woking","state":"Permitted","type":"Full","n_apps":1,"year":2007,"agent":"Not Available, if this is a comment please see the Documents Tab","description":"Erection of security fencing, siting of emergency generators, installation of air-conditioning plant, acoustic screen and minor works. Variation of Condition 08 of Planning Permission 2002/0474 to permit new mezzanine floors for services all in connection with","link":"https://www.planit.org.uk/planapplic/Woking/PLAN/2007/1276/","backup":true,"prime":false,"bess":false,"solar":false,"wind":false}},{"type":"Feature","geometry":{"type":"Point","coordinates":[-0.499734,51.335958]},"properties":{"site_id":"Woking/PLAN/2010/1127","area":"Woking","state":"Conditions","type":"Amendment","n_apps":1,"year":2010,"agent":"Jones Lang LaSalle","description":"Proposed change of use of block C from class B1 offices to flexible office and data centre use.","link":"https://www.planit.org.uk/planapplic/Woking/PLAN/2010/1127/","backup":false,"prime":false,"bess":false,"solar":false,"wind":false}},{"type":"Feature","geometry":{"type":"Point","coordinates":[-0.886282,51.434967]},"properties":{"site_id":"Wokingham/062485","area":"Wokingham","state":"Permitted","type":"Outline","n_apps":1,"year":2006,"agent":null,"description":"Outline planning application with all matters reserved except details of means of access to the site for development providing up to 191,100 sq m gross external area of built floorspace (in total) for Class B1 (a), (b) and (c) (including data centre use); Clas","link":"https://www.planit.org.uk/planapplic/Wokingham/062485/","backup":false,"prime":false,"bess":false,"solar":false,"wind":false}},{"type":"Feature","geometry":{"type":"Point","coordinates":[-0.887435,51.438251]},"properties":{"site_id":"Wokingham/162308","area":"Wokingham","state":"Permitted","type":"Conditions","n_apps":1,"year":2016,"agent":null,"description":"Application to vary condition 7 of planning consent O/2006/9071 (as varied by condition 2 of VAR/2009/0943) for development (with all matters reserved except details of means of access to the site) providing up to 191,100 sqm gross external area of built floor","link":"https://www.planit.org.uk/planapplic/Wokingham/162308/","backup":false,"prime":false,"bess":false,"solar":false,"wind":false}},{"type":"Feature","geometry":{"type":"Point","coordinates":[-0.995034,51.412361]},"properties":{"site_id":"Wokingham/210386","area":"Wokingham","state":"Permitted","type":"Outline","n_apps":5,"year":2020,"agent":null,"description":"Consultation from West Berkshire Council for the following proposal: Development of an Energy Recovery Centre and adjacent Data Centre and associated infrastructure. (Further information submitted)","link":"https://www.planit.org.uk/planapplic/Wokingham/221878/","backup":false,"prime":false,"bess":false,"solar":false,"wind":false}},{"type":"Feature","geometry":{"type":"Point","coordinates":[-2.152503,52.604625]},"properties":{"site_id":"Wolverhampton/19/01480/FUL","area":"Wolverhampton","state":"Permitted","type":"Full","n_apps":1,"year":2019,"agent":"WYG","description":"Demolition of existing building and replacement with a data centre together with the installation of 12 air conditioning units and two generators contained within an outdoor compound","link":"https://www.planit.org.uk/planapplic/Wolverhampton/19/01480/FUL/","backup":false,"prime":false,"bess":false,"solar":false,"wind":false}},{"type":"Feature","geometry":{"type":"Point","coordinates":[-0.804613,51.60721]},"properties":{"site_id":"Wycombe/24/07967/OUT","area":"Wycombe","state":"Undecided","type":"Outline","n_apps":1,"year":2024,"agent":null,"description":"Outline application (including details of principal means of access off Marlow Road) for a data centre development (Use Class B8) including ancillary offices, associated infrastructure and landscaping","link":"https://www.planit.org.uk/planapplic/Wycombe/24/07967/OUT/","backup":false,"prime":false,"bess":false,"solar":false,"wind":false}},{"type":"Feature","geometry":{"type":"Point","coordinates":[-1.048318,53.982577]},"properties":{"site_id":"York/08/02388/EIASN","area":"York","state":"Permitted","type":"Full","n_apps":3,"year":2008,"agent":"Rapleys LLP","description":"Development of global banking data centre with ancillary power supply, substations and offices with associated access, parking, fencing, landscaping and ecology habitat (revised and additional information received)","link":"https://www.planit.org.uk/planapplic/York/08/02623/FULM/","backup":false,"prime":false,"bess":false,"solar":false,"wind":false}},{"type":"Feature","geometry":{"type":"Point","coordinates":[-1.075141,53.945423]},"properties":{"site_id":"York/21/02709/FUL","area":"York","state":"Permitted","type":"Full","n_apps":1,"year":2021,"agent":"Savills","description":"Erection of temporary, prefabricated single storey modular data centre with associated AC unit in courtyard of Fulford Moor House","link":"https://www.planit.org.uk/planapplic/York/21/02709/FUL/","backup":false,"prime":false,"bess":false,"solar":false,"wind":false}},{"type":"Feature","geometry":{"type":"Point","coordinates":[-1.052192,53.985214]},"properties":{"site_id":"York/24/01946/FUL","area":"York","state":"Permitted","type":"Full","n_apps":1,"year":2024,"agent":"Union4 Planning","description":"Construction of a datacentre facility and associated plant and enclosure","link":"https://www.planit.org.uk/planapplic/York/24/01946/FUL/","backup":true,"prime":false,"bess":false,"solar":false,"wind":false}}]}